t,B00_z_0000_00,B00_z_0001_00,B00_z_0002_00,B00_z_0003_00,B00_z_0004_00,B01_z_0000_00
0.0,0j,(-0.0639978512846214-0.48643963358216424j),(-0.016868081836399512-0.383388943426327j),(0.3790669180268566-0.17947160876358162j),(0.178349602434441+0.5246090755145838j),0j
0.01,(0.0001851205529263574-0.01499098010034458j),(-0.056263765141981704-0.5061105990518757j),(-0.00871024772258018-0.40094307703060394j),(0.38482097173491364-0.18508296486746548j),(0.16755380045339005+0.5087847166963134j),(0.0001851205529263574-0.01499098010034458j)
0.02,(0.0007410223965422306-0.029957843440822255j),(-0.04846020466466234-0.5258977454908402j),(-0.00032363430554585224-0.4185118372095117j),(0.3907317304364916-0.19062579103396748j),(0.15690793368955558+0.493113543867848j),(0.0007410223965422306-0.029957843440822255j)
0.03,(0.0016692448783517866-0.04487653502233107j),(-0.04061041477669018-0.5457957766249425j),(0.008273185774004987-0.43608354051295245j),(0.39679205936380474-0.19608332821062932j),(0.14642650645762184+0.4775994982700107j),(0.0016692448783517866-0.04487653502233107j)
0.04,(0.0029720925593044803-0.05972311768772027j),(-0.032738360398072944-0.5657992347168185j),(0.017061069553854002-0.45364680459390877j),(0.4029940041573218-0.20143910379539662j),(0.1361231700074647+0.46224651025974167j),(0.0029720925593044803-0.05972311768772027j)
0.05,(0.004652276060153862-0.07447381846127138j),(-0.024868699175776804-0.5859024053010856j),(0.02602034640479193-0.4711905005176551j),(0.4093288308144476-0.20667700230031008j),(0.12601076129188585+0.447058523691341j),(0.004652276060153862-0.07447381846127138j)
0.06,(0.006712468348319568-0.0891050641341381j),(-0.017026749026186744-0.6060992232640882j),(0.03513084970591705-0.4887037029071626j),(0.4157870712030826-0.21178133469658902j),(0.11610134212550334+0.43203951784069067j),(0.006712468348319568-0.0891050641341381j)
0.07,(0.009154823733638408-0.10359350833569642j),(-0.00923845317283112-0.6263831721018831j),(0.04437194285937841-0.5061756412811733j),(0.4223585745211432-0.2167369067396112j),(0.10640623632449099+0.4171935263257047j),(0.009154823733638408-0.10359350833569642j)
0.08,(0.011980506736949283-0.11791605495953975j),(-0.0015303480312516184-0.646747160678928j),(0.05372254417974987-0.5235956552781464j),(0.4290325673341602-0.22152908783435363j),(0.09693606183925212+0.4025246522157172j),(0.011980506736949283-0.11791605495953975j)
0.09,(0.015189272021321074-0.1320498844503983j),(0.006070514449966594-0.6671835040279859j),(0.06316115419975635-0.5409531558598392j),(0.43579771733542977-0.22614387646575038j),(0.08770075465184177+0.3880370784515566j),(0.015189272021321074-0.1320498844503983j)
0.1,(0.0187791264440951-0.14597248966712267j),(0.013536639174594474-0.6876838850132456j),(0.07266588794564027-0.5582375940990055j),(0.4426422032374073-0.23056796387695636j),(0.07870958198498952+0.3737350737392744j),(0.0187791264440951-0.14597248966712267j)
0.11,(0.022746092307480797-0.1596617264483331j),(0.02084006184372242-0.7082390244341092j),(0.08221451394451455-0.5754384388942403j),(0.4495537916443726-0.23478879600566502j),(0.06997114249652915+0.35962299360049316j),(0.022746092307480797-0.1596617264483331j)
0.12,(0.027084078922186828-0.17309588186040573j),(0.027952521407974197-0.7288388696406256j),(0.09178450121128263-0.5925451649413878j),(0.4565199174244209-0.23879463114623903j),(0.06149335154634937+0.3457052754418789j),(0.027084078922186828-0.17309588186040573j)
0.13,(0.031784859099185506-0.18625376085035372j),(0.034845646803697373-0.7494728779379486j),(0.10135307491191614-0.6095472519496167j),(0.46352776758494846-0.24257459334894155j),(0.05328341148205082+0.3319864273901261j),(0.031784859099185506-0.18625376085035372j)
0.14,(0.03683813899304734-0.1991147890560199j),(0.04149056323523543-0.7701284820120452j),(0.1108972789718702-0.626434192221088j),(0.4705643693666511-0.24611872183282935j),(0.045347767919483827+0.3184710098294085j),(0.03683813899304734-0.1991147890560199j)
0.15,(0.04223170428522031-0.21165912785384763j),(0.04785895566832079-0.7907940371444913j),(0.12039403617735794-0.6431954904442863j),(0.4776166815462419-0.24941801556600796j),(0.037692056332268235+0.30516361155621974j),(0.04223170428522031-0.21165912785384763j)
0.16,(0.04795162336266833-0.22386779719402397j),(0.05392175489926842-0.8114542590014187j),(0.12982023781134894-0.6598207126807274j),(0.48467168673160416-0.25246447191449456j),(0.0303210424452771+0.29206881873620416j),(0.04795162336266833-0.22386779719402397j)
0.17,(0.05398248737285233-0.23572280039709184j),(0.05965121302854912-0.8320967450571265j),(0.1391528575284831-0.6762995755821213j),(0.49171648435527193-0.2552511193381514j),(0.023238561368722863+0.27919117529381815j),(0.05398248737285233-0.23572280039709184j)
0.18,(0.060307669052240435-0.24720724664355498j),(0.06501836797278368-0.8527025907165571j),(0.14836898985160107-0.6926219019936778j),(0.4987383833415027-0.25777204378524476j),(0.01644746290364882+0.26653513710561827j),(0.060307669052240435-0.24720724664355498j)
0.19,(0.06690958502114758-0.2583054671386605j),(0.06999682183413904-0.8732601613053551j),(0.15744592241413782-0.7087776327943937j),(0.5057249933387709-0.2600224085028914j),(0.00994956844858744+0.2541050191613522j),(0.06690958502114758-0.2583054671386605j)
0.2,(0.07376994920721901-0.26900312170324503j),(0.07455826113034457-0.8937463895854997j),(0.1663614717488041-0.7247573099631285j),(0.5126643133772288-0.2619984670683063j),(0.003745644112959722+0.24190493472077945j),(0.07376994920721901-0.26900312170324503j)
0.21,(0.08087000984515075-0.27928729486524945j),(0.07867753929524961-0.9141485045558215j),(0.17509364502319372-0.7405513585973824j),(0.5195448168024956-0.2636975695417462j),(-0.002164604627542026+0.229938729680787j),(0.08087000984515075-0.27928729486524945j)
0.22,(0.08819076414772799-0.2891465793507327j),(0.08232931878011397-0.934447662947154j),(0.18362131816790378-0.7561511872448611j),(0.5263555313579243-0.26511816174512026j),(-0.007782515634652336+0.21820991062349668j),(0.08819076414772799-0.2891465793507327j)
0.23,(0.09571314971440409-0.2985711482037449j),(0.08548826239948504-0.9546179644818218j),(0.19192381145778997-0.771548319105344j),(0.5330861133434897-0.26625977777787013j),(-0.013110428654026063+0.20672156951035062j),(0.09571314971440409-0.2985711482037449j)
0.24,(0.10341821141824993-0.30755281422855896j),(0.0881330411603842-0.9746517289228458j),(0.19998146795880065-0.7867353278360882j),(0.5397269148775393-0.2671230259882732j),(-0.018151621313747784+0.19547630582549713j),(0.10341821141824993-0.30755281422855896j)
0.25,(0.11128724648838698-0.31608507853458906j),(0.09024118474976926-0.9945220132824615j),(0.2077752587455913-0.8017050195988366j),(0.5462690434326107-0.26770956871322j),(-0.022910224950756727+0.18447614824051914j),(0.11128724648838698-0.31608507853458906j)
0.26,(0.1193019291884958-0.3241631676700549j),(0.09179247842085966-1.0142070929500684j),(0.2152878267615809-0.8164523098284269j),(0.5527044130052836-0.26802209616600065j),(-0.027391124124233085+0.173722477959245j),(0.1193019291884958-0.3241631676700549j)
0.27,(0.12744441788832928-0.3317840598756235j),(0.09276923985388737-1.0336993584441292j),(0.22250163001651274-0.8309705164068832j),(0.5590257864932582-0.26806429486878075j),(-0.03159984424713086+0.16321595561600535j),(0.12744441788832928-0.3317840598756235j)
0.28,(0.1356974478898661-0.3389465014121552j),(0.0931545292756837-1.0529713738245474j),(0.2294025715709872-0.8452585526980242j),(0.5652268090450668-0.2678408109771133j),(-0.035542432201784935+0.15295645398320165j),(0.1356974478898661-0.3389465014121552j)
0.29,(0.14404441085105324-0.345651011785874j),(0.09293366379025796-1.0720053459504593j),(0.23597520122283475-0.8593110202932376j),(0.571302031563717-0.2673572090794982j),(-0.03922533455135345+0.14294299819146714j),(0.14404441085105324-0.345651011785874j)
0.3,(0.15246942389051943-0.3518998789588794j),(0.0920935020373748-1.0907946474839112j),(0.24220744503351155-0.8731280855491198j),(0.5772469189329115-0.26661992807707335j),(-0.04265527778107203+0.13317371506538273j),(0.15246942389051943-0.3518998789588794j)
0.31,(0.1609573897256784-0.3576971443383951j),(0.09062356626713464-1.1093172176343478j),(0.24808908327868603-0.8867123868714067j),(0.5830578546345199-0.2656362336096568j),(-0.04583915407333925+0.12364579280839486j),(0.1609573897256784-0.3576971443383951j)
0.32,(0.16949404816233998-0.3630485770735035j),(0.08851504241721084-1.127559004355385j),(0.253608299683754-0.900060880722166j),(0.5887321382468035-0.2644141667429612j),(-0.04878391563321037+0.11435545167545302j),(0.16949404816233998-0.3630485770735035j)
0.33,(0.17806601989039805-0.36796163796799186j),(0.08575974482881582-1.1455168782596268j),(0.25875819322373295-0.9131802927356464j),(0.5942679726721305-0.26296248927692095j),(-0.0514964794472185+0.10529792616053013j),(0.17806601989039805-0.36796163796799186j)
0.34,(0.18666084365034522-0.3724454335291793j),(0.08235300283317144-1.1631782349070705j),(0.2635333430237222-0.9260793892946012j),(0.5996644294388531-0.26129063266544833j),(-0.0539836437541098+0.09646745846529499j),(0.18666084365034522-0.3724454335291793j)
0.35000000000000003,(0.19526700629840138-0.3765106599948679j),(0.0782918267993074-1.1805339360079388j),(0.26792675875181915-0.9387602887434396j),(0.6049214168862367-0.2594086439304947j),(-0.056252016602455636+0.08785730302128046j),(0.19526700629840138-0.3765106599948679j)
0.36,(0.20387396595921345-0.38016953788715635j),(0.07357259419642853-1.197586515407557j),(0.2719348125103771-0.9512318812604607j),(0.6100396549893878-0.25732712343779995j),(-0.05830795629533745+0.07945974130817188j),(0.20387396595921345-0.38016953788715635j)
0.37,(0.21247216842746275-0.38343573771240297j),(0.06819450294206662-1.2143351175173036j),(0.27555729314751887-0.9635120978932782j),(0.6150206209193921-0.2550571707048039j),(-0.06015752302781248+0.0712661061664142j),(0.21247216842746275-0.38343573771240297j)
0.38,(0.22105305686005844-0.3863242975126746j),(0.06215891684774508-1.2307789120833317j),(0.278793192173678-0.9756137450038722j),(0.6198664850641817-0.25261033687433143j),(-0.0618064406238393+0.0632668146528633j),(0.22105305686005844-0.3863242975126746j)
0.39,(0.2296090748907779-0.38885153313572135j),(0.055465779570706815-1.2469268688989028j),(0.28164134221983733-0.9875459331273322j),(0.6245800811739483-0.24999855470941734j),(-0.06326006711206264+0.05545140841875218j),(0.2296090748907779-0.38885153313572135j)
0.4,(0.2381336634194573-0.39103494216768175j),(0.048115962190965214-1.262789370150665j),(0.2841045240630337-0.9993306375808693j),(0.6291648318715326-0.2472340904131228j),(-0.064523372752323+0.047808600646859926j),(0.2381336634194573-0.39103494216768175j)
0.41000000000000003,(0.246621251172234-0.3928931024820663j),(0.040111264179863215-1.2783785532548693j),(0.2861863867867999-1.0109935757512674j),(0.6336246813111168-0.2443294966381434j),(-0.06560092413901153+0.04032632862348547j),(0.246621251172234-0.3928931024820663j)
0.42,(0.25506723945201965-0.39444556651567453j),(0.031452707725443514-1.2937110877008333j),(0.2878903093807374-1.0225561872920363j),(0.63796405614925-0.24129754001347262j),(-0.06649687309230559+0.03299181109648903j),(0.25506723945201965-0.39444556651567453j)
0.43,(0.2634679815231975-0.39571275235028947j),(0.022141104552944265-1.3088066580139355j),(0.28921978795711906-1.0340371576815068j),(0.6421877755047192-0.23815116969209627j),(-0.0672149491730816+0.02579160968099713j),(0.2634679815231975-0.39571275235028947j)
0.44,(0.27182075714160886-0.3967158326800135j),(0.012175637980418388-1.323688697361235j),(0.29018029117931016-1.045467176336778j),(0.6463010087408871-0.23490345182823344j),(-0.06775845482099421+0.018711693684628623j),(0.27182075714160886-0.3967158326800135j)
0.45,(0.2801237428034148-0.39747662271549306j),(0.0015528264036487405-1.3383857132903283j),(0.2907773021851316-1.05688180991424j),(0.6503092060300394-0.23156752279608445j),(-0.06813026229415663+0.011737507776392054j),(0.2801237428034148-0.39747662271549306j)
0.46,(0.28837597833247913-0.3980174680269725j),(-0.009732620477675352-1.352928799849586j),(0.2910160729135035-1.0683132373140314j),(0.6542180386240389-0.2281565455569198j),(-0.06833281175863079+0.004854042049976745j),(0.28837597833247913-0.3980174680269725j)
0.47000000000000003,(0.29657733045420326-0.3983611332617561j),(-0.02168379126438512-1.3673470569415125j),(0.29090176737614426-1.0797905324622072j),(0.6580333483438359-0.22468365245514638j),(-0.06836811004148652-0.0019540959207590535j),(0.29657733045420326-0.3983611332617561j)
0.48,(0.30472845401403326-0.3985306925921441j),(-0.03430972163785495-1.3816754539771714j),(0.29043957847946666-1.0913492640113929j),(0.6617610887030061-0.2211619079995555j),(-0.06823772971146269-0.008702607418769322j),(0.30472845401403326-0.3985306925921441j)
0.49,(0.3128307514919742-0.3985494226612245j),(-0.04762727665563178-1.3959563548834868j),(0.2896334981168366-1.1030357484291833j),(0.6654072819478355-0.2176042558221479j),(-0.06794280827760824-0.015407427602582971j),(0.3128307514919742-0.3985494226612245j)
0.5,(0.32088633144408124-0.39844069870108006j),(-0.061657238811096804-1.4102346837555422j),(0.28848675444582506-1.1148936487002858j),(0.6689779678072599-0.2140234815278797j),(-0.06748404741253698-0.02208464952625631j),(0.32088633144408124-0.39844069870108006j)
0.51,(0.3288979664360039-0.39822789441686984j),(-0.07641771842722468-1.424549372286375j),(0.2870021354024793-1.1269633908936498j),(0.6724791734292803-0.21043216088967243j),(-0.06686171219839518-0.028750447489754027j),(0.3288979664360039-0.39822789441686984j)
0.52,(0.33686905087524116-0.3979342860806178j),(-0.09193527301465065-1.4389448000142282j),(0.2851817730339537-1.13928445650966j),(0.675916861455197-0.20684263317326884j),(-0.06607563047960924-0.03542099998147086j),(0.33686905087524116-0.3979342860806178j)
0.53,(0.3448035595252045-0.397582961275283j),(-0.10824272701868788-1.4534672254756926j),(0.2830247419995916-1.1519103846580643j),(0.6792969251164497-0.20326693663240464j),(-0.06512519248066304-0.042112412574621075j),(0.3448035595252045-0.397582961275283j)
0.54,(0.3527060069393906-0.39719673257224086j),(-0.12537887605085823-1.4681641686005897j),(0.2805276928231537-1.1648974613106937j),(0.6826251250818155-0.19971680692657534j),(-0.06400935090756617-0.048840641143676304j),(0.3527060069393906-0.39719673257224086j)
0.55,(0.3605814081675497-0.3967980563645541j),(-0.1433887256756505-1.4830829714199278j),(0.27768639808256107-1.1782975467092973j),(0.68590711871877-0.19620358751239j),(-0.06272662183079789-0.05562141574044452j),(0.3605814081675497-0.3967980563645541j)
0.56,(0.3684352410305198-0.39640895701973716j),(-0.16232466061030817-1.4982711390006178j),(0.27449576455697416-1.1921582527488919j),(0.689148378689252-0.19273826313214726j),(-0.06127508670262191-0.062470165614975204j),(0.3684352410305198-0.39640895701973716j)
0.5700000000000001,(0.37627341018311744-0.39605095645508187j),(-0.18224726573726824-1.513776037007282j),(0.2709472463682919-1.2065345608705802j),(0.6923542602559307-0.1893313390137039j),(-0.059652395931356045-0.06940194584813807j),(0.37627341018311744-0.39605095645508187j)
0.58,(0.38410221313819015-0.39574500919677713j),(-0.2032257411037386-1.5296439420667667j),(0.2670262756795537-1.2214954898017543j),(0.6955298982047766-0.1859929129312786j),(-0.05785577452432981-0.07643136609180974j),(0.38410221313819015-0.39574500919677713j)
0.59,(0.3919283077753283-0.3955114429591635j),(-0.22533821154189418-1.5459192688046255j),(0.2627165825882836-1.2371050846497822j),(0.6986803119182544-0.1827325234523498j),(-0.05588203035502945-0.0835725220859306j),(0.3919283077753283-0.3955114429591635j)
0.6,(0.3997586809667435-0.3953699046007933j),(-0.24867463130338907-1.562645258728192j),(0.2580006963359858-1.2534210982358343j),(0.7018102799512118-0.17955925835691192j),(-0.053727565707539185-0.09083893055581728j),(0.3997586809667435-0.3953699046007933j)
0.61,(0.4076006207204486-0.39533931147996676j),(-0.27333292995318836-1.5798598706769804j),(0.25285731485335905-1.2705041012029468j),(0.7049244791653734-0.17648157758741043j),(-0.05138839281429213-0.09824346819508976j),(0.4076006207204486-0.39533931147996676j)
0.62,(0.4154616896827091-0.3954378081154788j),(-0.2994257502394708-1.5975991075540872j),(0.24725652893462394-1.2884320088414671j),(0.7080273392643462-0.17350745056149572j),(-0.04886015411567544-0.10579831559679785j),(0.4154616896827091-0.3954378081154788j)
0.63,(0.4233497003544056-0.39568272811616206j),(-0.3270786879863593-1.6158936384679228j),(0.2411654049550182-1.3072782612579372j),(0.7111232079711978-0.17064416498989254j),(-0.046138148059106515-0.11351490682990732j),(0.4233497003544056-0.39568272811616206j)
0.64,(0.4312726919356684-0.3960905613466585j),(-0.35642745792260344-1.634765428673876j),(0.2345473335973319-1.327113832871152j),(0.714216192923429-0.1678984796054037j),(-0.0432173611798707-0.12140388557572401j),(0.4312726919356684-0.3960905613466585j)
0.65,(0.43923890447811437-0.39667692570597834j),(-0.3876274719483267-1.65423159257699j),(0.22735816477886406-1.348018275393012j),(0.7173103380966185-0.16527643632382652j),(-0.04009250717073844-0.129475068687212j),(0.43923890447811437-0.39667692570597834j)
0.66,(0.4472567560327836-0.39745654374344436j),(-0.42084975858068335-1.674298959624014j),(0.21954697515536875-1.3700750090157927j),(0.720409467824969-0.16278350913563905j),(-0.03675807357151834-0.13773741782655777j),(0.4472567560327836-0.39745654374344436j)
0.67,(0.45533482361605143-0.3984432243728478j),(-0.45628047372728137-1.6949614200200238j),(0.21105565165205165-1.3933696951950896j),(0.7235173518387559-0.16042444141271023j),(-0.03320837640755777-0.14619902009929336j),(0.45533482361605143-0.3984432243728478j)
0.68,(0.4634818239287342-0.39964984955789623j),(-0.49412903116815343-1.7162009773087938j),(0.2018164226306573-1.4179956199508281j),(0.7266375752033492-0.15820336821962366j),(-0.029437622998402527-0.15486707807678451j),(0.4634818239287342-0.39964984955789623j)
0.6900000000000001,(0.47170659342274973-0.40108836567763295j),(-0.534622134584378-1.737980908858679j),(0.1917607615116712-1.4440302990138274j),(0.729773658563986-0.15612370344778725j),(-0.025439982674340958-0.16374790967251365j),(0.47170659342274973-0.40108836567763295j)
0.7000000000000001,(0.48001805505493605-0.4027697761963733j),(-0.5780108533961084-1.7602450996870442j),(0.1808017852384751-1.471575349459472j),(0.732928990549676-0.15418821077227066j),(-0.021209664788144917-0.17284695813208528j),(0.48001805505493605-0.4027697761963733j)
0.71,(0.4884251996680773-0.40470414098514246j),(-0.6245671868096939-1.782911562319655j),(0.1688312751488207-1.5007613044048573j),(0.7361068568210323-0.15239896510682124j),(-0.016741003015556886-0.18216881172728777j),(0.4884251996680773-0.40470414098514246j)
0.72,(0.4969370702115392-0.40690058151090913j),(-0.6745889220220517-1.805869151522593j),(0.15574411102049063-1.5316822992579022j),(0.7393104839664176-0.15075735069407223j),(-0.012028544200849294-0.19171723316964975j),(0.4969370702115392-0.40690058151090913j)
0.73,(0.5055627449436131-0.40936729158985974j),(-0.7283980010923791-1.828970468852231j),(0.14141585394879969-1.564450144842658j),(0.7425429225797664-0.14926411355967892j),(-0.007067139893652807-0.20149519748007022j),(0.5055627449436131-0.40936729158985974j)
0.74,(0.5143112830458477-0.4121115398708619j),(-0.7863417490862241-1.852025213476336j),(0.12570184336192103-1.5991897847106329j),(0.7458072536685305-0.14791927828676857j),(-0.0018520377918644728-0.21150493778041057j),(0.5143112830458477-0.4121115398708619j)
0.75,(0.5231916984965083-0.41513968319884736j),(-0.8487940401959043-1.8747923263678277j),(0.10844418456237487-1.6360195194725784j),(0.7491062817477567-0.1467222888103726j),(0.003621029528599161-0.22174799726341893j),(0.5231916984965083-0.41513968319884736j)
0.76,(0.5322129596897653-0.4184571953225175j),(-0.9161490511951713-1.8969684000353941j),(0.08945767548279421-1.675075656578224j),(0.7524429262202992-0.1456718609365745j),(0.009355761886424115-0.23222528611420173j),(0.5322129596897653-0.4184571953225175j)
0.77,(0.5413839670285913-0.4220686953166587j),(-0.9888207588042498-1.918177553889053j),(0.06853225272768886-1.7164997292409148j),(0.7558197372460714-0.14476617739293485j),(0.015355217664503583-0.2429371416048349j),(0.5413839670285913-0.4220686953166587j)
0.78,(0.5507134309572845-0.4259779357503354j),(-1.0672378469086257-1.937958457359678j),(0.045432197007643574-1.7604332647515024j),(0.7592394036809452-0.1440027276306734j),(0.021621751769687617-0.25388338966741814j),(0.5507134309572845-0.4259779357503354j)
0.79,(0.5602098912103549-0.4301878495948444j),(-1.1518352200202924-1.9557495802185039j),(0.01988594245971314-1.807028867777596j),(0.7627042349835744-0.1433784910348404j),(0.028156967636153246-0.2650634064742739j),(0.5602098912103549-0.4301878495948444j)
0.8,(0.5698817729904785-0.4347006304601064j),(-1.2430422509449999-1.9708731439871243j),(-0.008415064349620336-1.8564417739422918j),(0.7662165633767368-0.14288983515258047j),(0.03496168476544382-0.27647617838267297j),(0.5698817729904785-0.4347006304601064j)
0.81,(0.5797371621966839-0.43951768154727566j),(-1.341260509600969-1.9825174132376708j),(-0.039824438398023715-1.9088326332791785j),(0.7697784682321306-0.14253262750339643j),(0.042035922308457305-0.28812035915072326j),(0.5797371621966839-0.43951768154727566j)
0.8200000000000001,(0.5897837668505992-0.4446396449706357j),(-1.4468441647819419-1.9897205899274808j),(-0.07474500015063534-1.9643610222050951j),(0.773391784779295-0.14230222364267872j),(0.049378898196060714-0.2999943235607883j),(0.5897837668505992-0.4446396449706357j)
0.8300000000000001,(0.600029188119896-0.45006661323217306j),(-1.560073591701955-1.9913551038823623j),(-0.11363976909935036-2.0231875787207154j),(0.7770583353309096-0.14219350835199188j),(0.05698904168015578-0.31209621626536443j),(0.600029188119896-0.45006661323217306j)
0.84,(0.610480426963854-0.455797940392109j),(-1.6811033579085075-1.9861143168246809j),(-0.1570387047532978-2.0854658653564755j),(0.780779350288677-0.14220094250705947j),(0.06486401723377881-0.32442399666086685j),(0.610480426963854-0.455797940392109j)
0.85,(0.621143877058714-0.46183229193257264j),(-1.8099168224765947-1.9725078283246253j),(-0.205550452832025-2.151338343268832j),(0.7845562805578166-0.1423185855506812j),(0.07300075489239446-0.3369754776541632j),(0.621143877058714-0.46183229193257264j)
0.86,(0.6320260319977998-0.46816814610801727j),(-1.9462717283985422-1.9488648851104764j),(-0.25987298748869275-2.2209264984492845j),(0.7883897512078352-0.1425401410761068j),(0.0813954845505562-0.34974836091208467j),(0.6320260319977998-0.46816814610801727j)
0.87,(0.6431319440095402-0.474802975478817j),(-2.089620481592155-1.913355004861152j),(-0.32080983270328195-2.2943228264138655j),(0.7922805952929273-0.14285900797424647j),(0.09004376846087418-0.3627402663527976j),(0.6431319440095402-0.474802975478817j)
0.88,(0.6544666191337629-0.48173414628881617j),(-2.239036228013651-1.8640294853172108j),(-0.3892827285162679-2.3715725362689337j),(0.7962289463210449-0.14326831042138535j),(0.09894052876803507-0.37594875717475934j),(0.6544666191337629-0.48173414628881617j)
0.89,(0.6660345256680714-0.48895875547915035j),(-2.393137065997135-1.798889273550759j),(-0.466351414533361-2.4526568499896007j),(0.8002347163430124-0.1437609415554174j),(0.10808006747904732-0.3893713614355768j),(0.6660345256680714-0.48895875547915035j)
0.9,(0.6778380179441184-0.496472694272704j),(-2.5500216498625154-1.715980419326489j),(-0.5532181130783543-2.537452775749664j),(0.804297631221107-0.1443296581422568j),(0.11745607534260606-0.40300558836832906j),(0.6778380179441184-0.496472694272704j)
0.91,(0.6898813004882958-0.5042733181859563j),(-2.7072013346298163-1.6135432590375487j),(-0.6512570009837279-2.625711937224706j),(0.8084164969955381-0.14496700747670005j),(0.1270616293601124-0.4168489407812642j),(0.6898813004882958-0.5042733181859563j)
0.92,(0.702163588251914-0.5123551032768447j),(-2.8614805535041117-1.4902736879950569j),(-0.7620155676881596-2.7170017169763367j),(0.8125905826845984-0.14566559280724706j),(0.13688917940994388-0.43089892428377785j),(0.702163588251914-0.5123551032768447j)
0.93,(0.7146883846557226-0.5207158595306248j),(-3.0093231951372417-1.3452842053587901j),(-0.8872203038676381-2.8106456610239046j),(0.8168176165672253-0.14641781124567302j),(0.14693052397092815-0.4451530519963498j),(0.7146883846557226-0.5207158595306248j)
0.9400000000000001,(0.7274517906621519-0.5293490731532533j),(-3.1466683517471306-1.1784892446588116j),(-1.0287683084525754-2.905646279886637j),(0.8210961558471052-0.14721629056703991j),(0.15717677691789353-0.45960884529886853j),(0.7274517906621519-0.5293490731532533j)
0.9500000000000001,(0.7404559929463931-0.5382531022285869j),(-3.269205373932311-0.9907288469038796j),(-1.1886952512582392-3.0005892282101945j),(0.8254231519457894-0.14805353127538376j),(0.16761832755602663-0.47426383081509116j),(0.7404559929463931-0.5382531022285869j)
0.96,(0.753693866991371-0.5474208210692656j),(-3.3726327858241723-0.783891288372286j),(-1.3691150969888328-3.093534568395329j),(0.8297960569218706-0.1489223197066214j),(0.17824479632233675-0.4891155340278095j),(0.753693866991371-0.5474208210692656j)
0.97,(0.7671659800219616-0.5568514526037326j),(-3.4529723240353816-0.5609477255164471j),(-1.57211175712521-3.181896560417226j),(0.8342113679309061-0.14981552421690575j),(0.18904498788212865-0.504161469131699j),(0.7671659800219616-0.5568514526037326j)
0.98,(0.7808616303722701-0.5665375005035915j),(-3.506901629506311-0.32587719019821215j),(-1.799570191381947-3.262327211716629j),(0.8386652030561185-0.1507262306851575j),(0.2000068435784478-0.5193991254575157j),(0.7808616303722701-0.5665375005035915j)
0.99,(0.7947792274141748-0.5764792122826903j),(-3.5320603320381063-0.08347701553051293j),(-2.0529395882734374-3.3306283502394978j),(0.8431537661167953-0.15164789686180136j),(0.21111739480270295-0.5348259507859653j),(0.7947792274141748-0.5764792122826903j)
1.0,(0.8089052548443868-0.5866697685389113j),(-3.527284039403295+0.16093421462962326j),(-2.33291458411804-3.3817231735385924j),(0.8476718818389803-0.1525740826666442j),(0.2223627184782469-0.550439331873094j),(0.8089052548443868-0.5866697685389113j)
1.01,(0.8232331445294662-0.5971089342636521j),(-3.492724994636141+0.401883974531256j),(-2.6390587996591917-3.409736423323321j),(0.8522154139150987-0.15349898779671844j),(0.23372789563436544-0.5662365726738697j),(0.8232331445294662-0.5971089342636521j)
1.02,(0.8377502616582708-0.6077938027321622j),(-3.4298358802809545+0.634142768344941j),(-2.969415256208938-3.40822686684784j),(0.8567782024493057-0.15441685100555613j),(0.2451969739763262-0.5822148709972771j),(0.8377502616582708-0.6077938027321622j)
1.03,(0.8524428722703953-0.6187225024102002j),(-3.3412286996782474+0.8530606259089581j),(-3.3201671748979207-3.3705993400110548j),(0.8613555762512495-0.15532270251415317j),(0.2567529348352066-0.5983712938196086j),(0.8524428722703953-0.6187225024102002j)
1.04,(0.8672938670286453-0.6298925991534505j),(-3.230436375276754+1.0548359932310676j),(-3.6854627749391575-3.2906860623872887j),(0.8659408605252201-0.15621166294228134j),(0.2683776601738729-0.6147027449085942j),(0.8672938670286453-0.6298925991534505j)
1.05,(0.8822925414257123-0.6413086595967573j),(-3.101578162775124+1.2367325629296093j),(-4.057484552803588-3.1634275629998574j),(0.8705286917504258-0.15707965274553126j),(0.2800519003381994-0.6312059250952649j),(0.8822925414257123-0.6413086595967573j)
1.06,(0.8974123435126388-0.6529653289012095j),(-2.959020376986897+1.3971160784120442j),(-4.426814809685237-2.985533135741122j),(0.8751122953485798-0.15792282220713375j),(0.29175527884801267-0.647877335800695j),(0.8974123435126388-0.6529653289012095j)
1.07,(0.9126344244117802-0.6648654951104361j),(-2.8070793596453125+1.5353826231535177j),(-4.783037809107257-2.756003422507648j),(0.8796856059814264-0.15873803245530568j),(0.30346630791387175-0.6647132905995454j),(0.9126344244117802-0.6648654951104361j)
1.08,(0.9279447318682355-0.6770182444460009j),(-2.649772032973524+1.6518273648496649j),(-5.1155734226628455-2.4763518894976873j),(0.8842420018474745-0.15952253176557113j),(0.3151622903044141-0.6817097532204207j),(0.9279447318682355-0.6770182444460009j)
1.09,(0.9433020138345011-0.689413436457896j),(-2.4906386084563463+1.7474631956497486j),(-5.4144624371113625-2.15054883277999j),(0.888774897685938-0.16027416617205228j),(0.32681928472985017-0.6988622457411869j),(0.9433020138345011-0.689413436457896j)
1.1,(0.9586952104169199-0.7020678324852807j),(-2.3326470775549946+1.8238176691821792j),(-5.671048282954398-1.7847046371297615j),(0.8932779683836604-0.16099128416531663j),(0.33841260310570187-0.7161665397942832j),(0.9586952104169199-0.7020678324852807j)
1.11,(0.9740935106470423-0.7149844888518743j),(-2.178167131250563+1.8827395987137296j),(-5.878468716891825-1.386573521042646j),(0.8977443633954303-0.1616727294940548j),(0.3499158769770716-0.7336172118673701j),(0.9740935106470423-0.7149844888518743j)
1.12,(0.9894548259478573-0.7281594477297219j),(-2.0289902684117247+1.926234491552879j),(-6.031924502650922-0.9649885312400339j),(0.9021681420846956-0.16231790184325842j),(0.3613021081253935-0.751209111267856j),(0.9894548259478573-0.7281594477297219j)
1.1300000000000001,(1.0047675192247814-0.7416173128869934j),(-1.8863862606164572+1.95633270825688j),(-6.128755982311438-0.5293025898372784j),(0.9065425567348318-0.16292662661218602j),(0.37254339557862426-0.7689369264548305j),(1.0047675192247814-0.7416173128869934j)
1.1400000000000001,(1.0199796418548603-0.7553496589276188j),(-1.7511780462161008+1.974993470604035j),(-6.168371493919775-0.08889008467010151j),(0.910862090817727-0.16349926306425053j),(0.3836099931185383-0.786793457707836j),(1.0199796418548603-0.7553496589276188j)
1.1500000000000001,(1.0350687934516807-0.7693770689849293j),(-1.6238235267690462+1.9840413451427918j),(-6.152076977241562+0.34727169051402484j),(0.9151203316120788-0.16403654205828805j),(0.3944729339915062-0.8047738471529979j),(1.0350687934516807-0.7693770689849293j)
1.16,(1.0499974341267184-0.7837080475459516j),(-1.5044907823861715+1.9851301626246747j),(-6.082844209419307+0.7709395360075734j),(0.9193122197261011-0.1645396635413337j),(0.40510068972832386-0.8228697261098663j),(1.0499974341267184-0.7837080475459516j)
1.17,(1.064719781537658-0.7983453355400193j),(-1.3931320721700566+1.979726711310439j),(-5.96504219318239+1.174865228895826j),(0.9234322534548788-0.16501018681960616j),(0.4154617302639087-0.8410735104549851j),(1.064719781537658-0.7983453355400193j)
1.18,(1.079213271989906-0.8133162173453413j),(-1.289537436628372+1.9691094393617556j),(-5.8041452532077225+1.5529893442619613j),(0.9274757639783007-0.16545000359241846j),(0.4255267146573932-0.8593819088705872j),(1.079213271989906-0.8133162173453413j)
1.19,(1.0934194462038926-0.8286125305034641j),(-1.1933900572059843+1.9543767573744517j),(-5.606422144084147+1.9005764860012704j),(0.9314380011751995-0.16586132059642736j),(0.43525780985605733-0.8777763234938813j),(1.0934194462038926-0.8286125305034641j)
1.2,(1.1073169179939917-0.8442669468253483j),(-1.1042992612174305+1.9364603568126497j),(-5.378637195317557+2.2142526378920713j),(0.9353146383826494-0.16624656754272152j),(0.444629863178599-0.896262200796027j),(1.1073169179939917-0.8442669468253483j)
1.21,(1.1208509571654075-0.8602752822521527j),(-1.021844083317054+1.9161450781534701j),(-5.127712932803383+2.492048887101452j),(0.9391027855387853-0.16660851148612624j),(0.4536047210050198-0.914818898197554j),(1.1208509571654075-0.8602752822521527j)
1.22,(1.1339896994095688-0.8766609886137406j),(-0.9455462774243764+1.8940725282109614j),(-4.860441604249167+2.733308153384328j),(0.9427985752576408-0.16694997634828002j),(0.4621514862625141-0.9334398745504948j),(1.1339896994095688-0.8766609886137406j)
1.23,(1.1466894824417235-0.893431982566932j),(-0.874998808859195+1.870792415324144j),(-4.583210587383494+2.938562740025698j),(0.9463994432732975-0.16727398511605837j),(0.4702425702628662-0.9521247747427976j),(1.1466894824417235-0.893431982566932j)
1.24,(1.1589075945371852-0.9105974670169008j),(-0.8097598867915259+1.846743787693935j),(-4.301776531324139+3.1093523690812996j),(0.9499031946026956-0.1675836712093254j),(0.4778394362592018-0.9708460931660625j),(1.1589075945371852-0.9105974670169008j)
1.25,(1.1706104464176585-0.9281771547274578j),(-0.7493947452612714+1.8222793441760041j),(-4.0211085628961545+3.248000000064904j),(0.9533080773829528-0.16788221989293162j),(0.48491819499602945-0.9896097085802883j),(1.1706104464176585-0.9281771547274578j)
1.26,(1.1817498746142032-0.9461676390939451j),(-0.6935190948995981+1.7976914126803503j),(-3.745299919065921+3.3573745864725812j),(0.9566125531265306-0.16817282037008413j),(0.49144847887915494-1.008401793518132j),(1.1817498746142032-0.9461676390939451j)
1.27,(1.192298341009485-0.9645951615548145j),(-0.6417422314093829+1.7732004008510998j),(-3.477549035695718+3.4406599878566726j),(0.9598155253044283-0.16845864521402482j),(0.4973995154014874-1.0272030177408955j),(1.192298341009485-0.9645951615548145j)
1.28,(1.2022089836439152-0.9834491179439809j),(-0.5937246519437872+1.7489886049347758j),(-3.220197907250504+3.501149301982463j),(0.9629203840112474-0.1687432218657j),(0.5027502678204716-1.0460199243195438j),(1.2022089836439152-0.9834491179439809j)
1.29,(1.2114563646332512-1.0027544075270256j),(-0.5491388217115164+1.7251897083108647j),(-2.974818514424438+3.5420760157507445j),(0.9659240531055333-0.1690293615510637j),(0.5074732151046918-1.0648303960352508j),(1.2114563646332512-1.0027544075270256j)
1.3,(1.2200009146366988-1.0225007879071213j),(-0.5076857489551367+1.7019050767730204j),(-2.7423231226842586+3.5664893307408856j),(0.968825644914915-0.16931992565174278j),(0.5115469677077924-1.0836284821111677j),(1.2200009146366988-1.0225007879071213j)
1.31,(1.2278172653523975-1.0427039091834664j),(-0.46909901922594255+1.6792116908082895j),(-2.5230875640586183+3.5771717524968083j),(0.9716266610445276-0.16961779897807655j),(0.5149535012493993-1.1024148093118105j),(1.2278172653523975-1.0427039091834664j)
1.32,(1.2348759157109204-1.0633593343458065j),(-0.4331244410016597+1.6571562928213555j),(-2.317071379685188+3.576594386130591j),(0.9743296873019355-0.16992585091710924j),(0.5176731186497489-1.1211683387637812j),(1.2348759157109204-1.0633593343458065j)
1.33,(1.2411530847719376-1.0844698685677368j),(-0.3995346490966964+1.6357696323401096j),(-2.12392806118037+3.5669018452305354j),(0.9769374077533878-0.17024669786650812j),(0.5196922556950339-1.139892729463325j),(1.2411530847719376-1.0844698685677368j)
1.34,(1.2466292004519828-1.1060383401769551j),(-0.3681280147140806+1.615069245744705j),(-1.943098630899827+3.5499188529166776j),(0.9794567345208536-0.17058358494591658j),(0.5209988304476725-1.15858505786394j),(1.2466292004519828-1.1060383401769551j)
1.35,(1.2512855410445236-1.1280562420455273j),(-0.3387145967396764+1.5950543955240803j),(-1.7738903230848655+3.5271710518378687j),(0.9818967245534765-0.17093984413041793j),(0.5215826877149574-1.1772318438509553j),(1.2512855410445236-1.1280562420455273j)
1.36,(1.2551110787829194-1.1505307187938727j),(-0.31112274456467953+1.5757142144661203j),(-1.615535422291768+3.4999136939777693j),(0.984244204357554-0.171315206067494j),(0.5214371373759167-1.1958420117870399j),(1.2551110787829194-1.1505307187938727j)
1.37,(1.2580956130902194-1.1734489011575386j),(-0.28520083122950846+1.5570318158794356j),(-1.4672393058689785+3.469164293875925j),(0.9865027698084885-0.1717115447833421j),(0.5205579020829193-1.21441530575876j),(1.2580956130902194-1.1734489011575386j)
1.3800000000000001,(1.260235758525019-1.1968157078408337j),(-0.260813074239136+1.5389831290811828j),(-1.3282114336971755+3.4357350588374183j),(0.9886829904311135-0.17213161483266556j),(0.5189436740102581-1.232947983542161j),(1.260235758525019-1.1968157078408337j)
1.3900000000000001,(1.2615315338222721-1.2206236890421642j),(-0.23783299853879708+1.52153454226494j),(-1.1976882137206835+3.4002637231474697j),(0.9907892776130829-0.17257707762456234j),(0.5165943448218177-1.2514536552266042j),(1.2615315338222721-1.2206236890421642j)
1.4000000000000001,(1.2619878414752812-1.2448709781974836j),(-0.21614760018099255+1.50464870643333j),(-1.0749491977687229+3.363242181308329j),(0.9928265827859916-0.1730494827228017j),(0.5135128042844571-1.2699402887657791j),(1.2619878414752812-1.2448709781974836j)
1.41,(1.2616143275912477-1.2695587666829762j),(-0.19565676104147028+1.4882860807346054j),(-0.9593284699552338+3.325042412363751j),(0.9948000416505479-0.1735502107472832j),(0.5097047687022265-1.2884145769014348j),(1.2616143275912477-1.2695587666829762j)
1.42,(1.2604254245035889-1.2946835102851768j),(-0.17627312401930564+1.4724049393360046j),(-0.8502152919863307+3.285937186046644j),(0.9967151639200887-0.1740805310408199j),(0.5051756752944564-1.3068965710239213j),(1.2604254245035889-1.2946835102851768j)
1.43,(1.2584398037766138-1.3202510937298901j),(-0.1579177028174141+1.4569605346372771j),(-0.7470582159350068+3.246119583928424j),(0.9985779627179169-0.17464165805425536j),(0.49993304695832186-1.3254055400761127j),(1.2584398037766138-1.3202510937298901j)
1.44,(1.2556808973643183-1.346265966815567j),(-0.1405194831589599+1.4419044521148783j),(-0.6493650944654406+3.2057192719902625j),(1.0003941087633783-0.17523451671774412j),(0.4939865084328981-1.343960786219639j),(1.2556808973643183-1.346265966815567j)
1.45,(1.2521763346811916-1.372736781723227j),(-0.1240159700626533+1.4271881096294632j),(-0.5567016161255153+3.1648163802311293j),(1.002169892756053-0.17586004588806803j),(0.487344791281719-1.3625904117674776j),(1.2521763346811916-1.372736781723227j)
1.46,(1.24795752759578-1.3996774786630382j),(-0.10835239026311407+1.4127633097562813j),(-0.46868762410294723+3.1234527342786595j),(1.0039121302276226-0.17651920497691095j),(0.48001678829429306-1.38132578255816j),(1.24795752759578-1.3996774786630382j)
1.47,(1.2430596169023356-1.4271065084776062j),(-0.09348169221087124+1.398582239785175j),(-0.38498670538492974+3.081637853916231j),(1.0056272797965102-0.1772126762392141j),(0.4720114477383114-1.4002012114444924j),(1.2430596169023356-1.4271065084776062j)
1.48,(1.2375212719167323-1.4550465441508267j),(-0.07936454524202402+1.3845974719605834j),(-0.3053239345983394+3.039367856969017j),(1.007322244872354-0.177941171708246j),(0.46333661105331053-1.4192558903330577j),(1.2375212719167323-1.4550465441508267j)
1.49,(1.2313838407430304-1.483527186362561j),(-0.06596668031182093+1.3707622102491337j),(-0.22945110234120547+2.996616978647108j),(1.009004213393777-0.17870539562857138j),(0.4539992828425837-1.438532336452851j),(1.2313838407430304-1.483527186362561j)
1.5,(1.2246905695722634-1.5125873333131263j),(-0.05325856925027468+1.3570292157772836j),(-0.1571792936443458+2.9533627642415614j),(1.0106803763307513-0.17950594548218402j),(0.44400351373799907-1.4580789545907482j),(1.2246905695722634-1.5125873333131263j)
1.51,(1.2174879127792926-1.5422679589063313j),(-0.04121634113433336+1.3433526083339862j),(-0.08833464997209955+2.909568490457728j),(1.0123581296207378-0.18034341092027792j),(0.43334959643141424-1.4779510432954062j),(1.2174879127792926-1.5422679589063313j)
1.52,(1.2098232263084618-1.5726203167533794j),(-0.029819863998430313+1.329688977696652j),(-0.02278703517434436+2.865206357156039j),(1.0140448555536883-0.18121827737890472j),(0.4220369127779046-1.498204256984082j),(1.2098232263084618-1.5726203167533794j)
1.53,(1.2017434032215466-1.6037099597688411j),(-0.01905274483448413+1.3159973836311503j),(0.03957565686485262+2.820247120453963j),(1.015747833895387-0.18213087539034006j),(0.4100626689095134-1.5188963028501115j),(1.2017434032215466-1.6037099597688411j)
1.54,(1.1932983487735298-1.6356020031286802j),(-0.008902329591898767+1.3022393558918073j),(0.09883477622230241+2.7746741245303985j),(1.0174767034523138-0.183082819004451j),(0.3974154318041512-1.5400961823072865j),(1.1932983487735298-1.6356020031286802j)
1.55,(1.184537865842677-1.6683719532974417j),(0.0006402968224366729+1.288378894221408j),(0.15505876651028555+2.7284750761411747j),(1.0192384404653427-0.18407414867608873j),(0.38407646432070597-1.561881541686959j),(1.184537865842677-1.6683719532974417j)
1.56,(1.1755080823460557-1.7021177428812242j),(0.009580318317581682+1.2743824691341088j),(0.20829680738083764+2.681651624589876j),(1.0210372258674754-0.18510321554307427j),(0.37002674216802534-1.5843251696839011j),(1.1755080823460557-1.7021177428812242j)
1.57,(1.1662558177678424-1.7369425928697255j),(0.01792200948451468+1.2602191534625051j),(0.25858874983627433+2.634214454187159j),(1.0228838892861962-0.18617209899125264j),(0.355238681192024-1.607507725575493j),(1.1662558177678424-1.7369425928697255j)
1.58,(1.1568280439100371-1.7729558515497208j),(0.025668176319643462+1.2458604321021556j),(0.3059653407920629+2.586187307072794j),(1.0247890705816536-0.18728281170675254j),(0.33967780912221673-1.6315141251051455j),(1.1568280439100371-1.7729558515497208j)
1.59,(1.1472696028650682-1.8102821079442377j),(0.03281944801066975+1.231280967249246j),(0.3504514427097008+2.537605922933607j),(1.0267560606072048-0.18843298684961554j),(0.32330039092207646-1.6564357752164223j),(1.1472696028650682-1.8102821079442377j)
1.6,(1.1376217376381481-1.84906477377666j),(0.03937607581764365+1.21645895281344j),(0.392071693611009+2.4885160112105806j),(1.0287877138718466-0.18961987776918596j),(0.3060532955097908-1.6823690594871257j),(1.1376217376381481-1.84906477377666j)
1.61,(1.1279258950276467-1.8894531632052225j),(0.04533793307296365+1.2013761144178812j),(0.43084762896124984+2.4389770732856437j),(1.0309050373904216-0.1908512933603588j),(0.2878729614089525-1.7094157128643515j),(1.1279258950276467-1.8894531632052225j)
1.62,(1.1182187926458895-1.9316207315593001j),(0.050704515181376614+1.1860177093991913j),(0.46680769356198093+2.3890537637831315j),(1.033115356011754-0.1921271325309061j),(0.2686841936703619-1.737682689389447j),(1.1182187926458895-1.9316207315593001j)
1.6300000000000001,(1.1085355150530625-1.9757540835435492j),(0.05547493961997776+1.1703725268074718j),(0.49997920153531716+2.3388255454965j),(1.0354091748867769-0.1934374761290833j),(0.24839915373267707-1.7672820992007252j),(1.1085355150530625-1.9757540835435492j)
1.6400000000000001,(1.098906738989483-2.0220642521260634j),(0.05964794593821073+1.1544328874063021j),(0.5304016460685286+2.2883707592684748j),(1.0378004061092445-0.1947856429614617j),(0.22691488295871842-1.7983323905953281j),(1.098906738989483-2.0220642521260634j)
1.6500000000000001,(1.0893621964394462-2.0707748735747353j),(0.06322320356546537+1.1381937246346303j),(0.5581143063956773+2.237783507877967j),(1.0402988217646032-0.19617261482968823j),(0.20411131531886778-1.83095898781004j),(1.0893621964394462-2.0707748735747353j)
1.6600000000000001,(1.0799267036928282-2.1221399297867523j),(0.06620259664723326+1.1216516539262442j),(0.5831720677695789+2.18714920701066j),(1.0429113175986362-0.19759765890194608j),(0.17985197623309873-1.8652903222299109j),(1.0799267036928282-2.1221399297867523j)
1.67,(1.0706216240474566-2.1764401445804573j),(0.06858821740352938+1.104806732328282j),(0.6056294924763901+2.13657061259501j),(1.0456446830108261-0.19905991198061326j),(0.15397679583979534-1.9014648778812975j),(1.0706216240474566-2.1764401445804573j)
1.68,(1.0614655119086762-2.233983229815015j),(0.07038370424699086+1.0876616900313136j),(0.6255582232577276+2.0861334588700546j),(1.0485049657295664-0.20055800191877604j),(0.12630489782588017-1.9396233632425295j),(1.0614655119086762-2.233983229815015j)
1.69,(1.0524735821069973-2.2951084677666422j),(0.07159426185130097+1.0702219170021463j),(0.6430290416775206+2.0359427892635016j),(1.051500644436049-0.20209176723341632j),(0.09662469188398928-1.9799175490846737j),(1.0524735821069973-2.2951084677666422j)
1.7,(1.0436569791801544-2.3601953759734244j),(0.07222666115118939+1.0524954629838215j),(0.6581288310964802+1.9860795868646552j),(1.0546367221030886-0.2036591845030151j),(0.06469597626439606-2.022502280829304j),(1.0436569791801544-2.3601953759734244j)
1.71,(1.0350231915847068-2.4296664531909204j),(0.07228923934243213+1.0344930374956158j),(0.6709439420415724+1.9366435581119688j),(1.0579155925658885-0.20525672855141924j),(0.0302464160414735-2.0675336651788876j),(1.0350231915847068-2.4296664531909204j)
1.72,(1.0265760935855452-2.503992104199167j),(0.0717918998818516+1.0162280098330418j),(0.6815726748188614+1.887709682208384j),(1.061345239109456-0.20688369145693178j),(-0.007044518963843787-2.115182359879709j),(1.0265760935855452-2.503992104199167j)
1.73,(1.018315775780141-2.583697796441358j),(0.07074635987382616+0.9977149239639898j),(0.6901148167146754+1.8393631282439107j),(1.0649301619836544-0.20853753051892884j),(-0.047535155073750425-2.1656110323176803j),(1.018315775780141-2.583697796441358j)
1.74,(1.0102381842265644-2.669374044471752j),(0.06916640124203373+0.9789660960081029j),(0.6966756827216927+1.7916752467245185j),(1.0686753817349737-0.21021589144453845j),(-0.09164511445128916-2.218992841770809j),(1.0102381842265644-2.669374044471752j)
1.75,(1.0023352737448907-2.761682590654089j),(0.06706712839611158+0.9599959134025917j),(0.7013642423233923+1.7447087255034j),(1.0725848433749323-0.2119158940382591j),(-0.13985291382092138-2.275494815945408j),(1.0023352737448907-2.761682590654089j)
1.76,(0.994595122171654-2.861362961594115j),(0.06446529202348936+0.9408202305719527j),(0.7042897057063038+1.6985323801827676j),(1.0766619243051423-0.21363432704614266j),(-0.19270949835965706-2.3352783118495233j),(0.994595122171654-2.861362961594115j)
1.77,(0.987000797213914-2.96925202382469j),(0.06137930252410249+0.9214563100914487j),(0.7055641532683492+1.65318744272864j),(1.0809101440633122-0.21536806825037594j),(-0.250849071426702-2.398492301516687j),(0.987000797213914-2.96925202382469j)
1.78,(0.9795310038480836-3.0862854544307083j),(0.057829230010392155+0.9019228226871072j),(0.7052985057516441+1.6087295571010605j),(1.0853322468890458-0.21711365805682914j),(-0.31500448263085906-2.4652671779800666j),(0.9795310038480836-3.0862854544307083j)
1.79,(0.9721594145944736-3.213511187327866j),(0.05383680225700514+0.8822398370063465j),(0.7036029701089745+1.5651937464146435j),(1.0899298221745644-0.21886724779513425j),(-0.3860163500960037-2.535696996051177j),(0.9721594145944736-3.213511187327866j)
1.8,(0.9648543368854048-3.3520982611682957j),(0.0494244598074396+0.8624243231017957j),(0.7005859397067771+1.52260779444901j),(1.0947038505293853-0.2206247934263068j),(-0.464855994196665-2.609829987689274j),(0.9648543368854048-3.3520982611682957j)
1.81,(0.9575785158020724-3.503339048466483j),(0.044615322981012846+0.842491334887673j),(0.696354141521194+1.4810088049623842j),(1.0996583433996943-0.2223833821547963j),(-0.5526350751450563-2.687638713094595j),(0.9575785158020724-3.503339048466483j)
1.82,(0.9502889940133336-3.6686437319711023j),(0.03943383950441564+0.822457914065614j),(0.6910094522170022+1.4404068857788088j),(1.1047900294434445-0.22413788096918552j),(-0.6506308199856934-2.768997013215993j),(0.9502889940133336-3.6686437319711023j)
1.83,(0.9429369678929013-3.849524054484386j),(0.03390533550424661+0.8023408547682714j),(0.6846511280197385+1.4008170062639356j),(1.1101027876984102-0.22588551144615607j),(-0.7602977608564238-2.8536355084429936j),(0.9429369678929013-3.849524054484386j)
1.84,(0.9354682750590397-4.047551631953761j),(0.028055641602364588+0.7821556832620602j),(0.6773758574273642+1.3622584346196265j),(1.11560415337759-0.22762497486107056j),(-0.8832822982874767-2.9410903809171547j),(0.9354682750590397-4.047551631953761j)
1.85,(0.9278242905546077-4.264288100992444j),(0.021911213022241832+0.7619176738516356j),(0.669272283529814+1.3247251794225499j),(1.1212702095755673-0.22934529707573437j),(-1.0214263988836396-3.030634362199642j),(0.9278242905546077-4.264288100992444j)
1.86,(0.9199439229139796-4.501168520827994j),(0.015498717699258391+0.7416408380906281j),(0.6604263311373054+1.2882175530676063j),(1.127108218325584-0.23104564900914862j),(-1.176759347110986-3.121191375306156j),(0.9199439229139796-4.501168520827994j)
1.87,(0.9117665920514822-4.759339256701841j),(0.008845183810127019+0.7213386790511239j),(0.6509220223044874+1.252743807948786j),(1.1331162175197687-0.23272275397332678j),(-1.3514647668416317-3.2112307469086008j),(0.9117665920514822-4.759339256701841j)
1.8800000000000001,(0.9032367079322967-5.039442432055603j),(0.001977884411007865+0.7010242310503305j),(0.640833489890604+1.2182892729298767j),(1.1392901866023555-0.23437319083862226j),(-1.5478111820656257-3.298643191125229j),(0.9032367079322967-5.039442432055603j)
1.8900000000000001,(0.8943092312976764-5.341372688710162j),(-0.005076033902485262+0.680709203062674j),(0.6302302540158901+1.1848389106585848j),(1.1456253685626598-0.23599387825409915j),(-1.768030306255122-3.3806053304932946j),(0.8943092312976764-5.341372688710162j)
1.9000000000000001,(0.8849555116201804-5.664052818657802j),(-0.012289322087720173+0.660405004084085j),(0.6191814654668372+1.1523891049701924j),(1.152116276781909-0.23758214929129645j),(-2.0141260134280348-3.453448081974939j),(0.8849555116201804-5.664052818657802j)
1.9100000000000001,(0.8751678950534153-6.005302115534458j),(-0.019634994399579803+0.6401219605164615j),(0.6077512921920225+1.1209325606854594j),(1.1587564371146293-0.239135773670654j),(-2.2876001198259366-3.512556393110056j),(0.8751678950534153-6.005302115534458j)
1.92,(0.8649613545027158-6.361870505251266j),(-0.027086234832715567+0.6198698781158991j),(0.5959922799758249+1.0904416944440765j),(1.1655391682000742-0.24065319869457857j),(-2.5890904867122977-3.552341325419117j),(0.8649613545027158-6.361870505251266j)
1.93,(0.8543709161429859-6.7296749796179105j),(-0.034616569939998315+0.5996578190975014j),(0.5839554970306297+1.0608962119140555j),(1.1724560913489102-0.24213331738213023j),(-2.917943672900882-3.5663376464938636j),(0.8543709161429859-6.7296749796179105j)
1.94,(0.8434451754474265-7.104200292731396j),(-0.04219990204221155+0.5794942767692917j),(0.5716917986298425+1.0322841472679538j),(1.1794996110550433-0.24357604301142843j),(-3.271772094194464-3.5474778468642856j),(0.8434451754474265-7.104200292731396j)
1.95,(0.8322377922287603-7.480957639034281j),(-0.0498105773463524+0.5593872247724313j),(0.5592499687842037+1.0045970395358057j),(1.1866603480600593-0.24498185933340128j),(-3.6460926686671753-3.488571486710392j),(0.8322377922287603-7.480957639034281j)
1.96,(0.8207994392340753-7.855882017588403j),(-0.05742344211352066+0.5393442011279894j),(0.5466665411155875+0.9778063882064184j),(1.1939285924231404-0.24635218008740592j),(-4.034153817840865-3.3829675283388423j),(0.8207994392340753-7.855882017588403j)
1.97,(0.8091721285559657-8.22558684397453j),(-0.06501388900606464+0.5193723988759407j),(0.5339748071880167+0.9518861937005731j),(1.201294236912273-0.2476893883958713j),(-4.427056584274017-3.225310457909774j),(0.8091721285559657-8.22558684397453j)
1.98,(0.79738659232107-8.587458921833255j),(-0.07255790346936612+0.4994787480986991j),(0.521207255586488+0.9268150560528949j),(1.2087465483964657-0.24899684545043285j),(-4.814186228166725-3.0122569233117593j),(0.79738659232107-8.587458921833255j)
1.99,(0.7854622041587292-8.939629234492326j),(-0.08003209830029626+0.47967002020830485j),(0.508395323169288+0.9025753645390303j),(1.21627436826456-0.25027897059319376j),(-5.183917685891759-2.743008251614863j),(0.7854622041587292-8.939629234492326j)
2.0,(0.7734085341183133-9.280869772855722j),(-0.08741375057670238+0.459952916781038j),(0.4955693950679938+0.8791532976756469j),(1.223866168931547-0.2515412838213492j),(-5.524516237410864-2.41950694590713j),(0.7734085341183133-9.280869772855722j)
