t,B00_A_0000,B00_A_0001,B00_A_0002,B00_A_0003,B00_A_0004,B01_A_0000
0.0,(1+4.917026258811213e-19j),(-2.1362170929753455e-18-1.5958100726271018e-18j),(-5.5599242657772274e-18+1.2807138162485021e-18j),(2.9434394917086937e-19-3.6845933205562065e-20j),(-5.421010862427522e-20-4.207243552269472e-22j),(1+0j)
0.01,(0.9042116258940082-0.4202169002429975j),(5.082594357730243e-06-2.209110576860983e-06j),(-1.3768129795185095e-05+1.9323468495510762e-05j),(4.5056531152320423e-07+2.291090925326727e-06j),(-2.421773277575412e-07-1.1536120772614642e-07j),(0.9042009484868133-0.42019520396631166j)
0.02,(0.6366000858196401-0.754924174381131j),(5.188200801429523e-06-1.2059218293918761e-05j),(1.0735680545266414e-05+5.9400816333144576e-05j),(9.228478657034326e-06-1.0315821054552285e-06j),(-1.0422411918527504e-06-4.6282938246926425e-07j),(0.636634322439152-0.7548560622586516j)
0.03,(0.2545644522031279-0.9375629456399998j),(-2.886738255495689e-06-2.027461626692961e-05j),(6.924109482169617e-05+7.166306629828246e-05j),(1.2859042730410635e-05-1.659700102909558e-05j),(-3.1516752472586893e-06-2.970452558363937e-07j),(0.2546971204105624-0.9374926423247503j)
0.04,(-0.16127745378075892-0.9356943274421066j),(-1.512081964369042e-05-2.1308617846726478e-05j),(0.00012867816975523847+3.726818686072967e-05j),(-7.170933328659748e-07-3.526942030783867e-05j),(-6.685649800299362e-06+2.1564703991799283e-06j),(-0.16103604702877972-0.9357070771587243j)
0.05,(-0.5258953556673979-0.7573121493656191j),(-2.561466760621543e-05-1.4422283440524493e-05j),(0.00015521018308148492-3.264606073618554e-05j),(-3.0938806005236363e-05-3.988878911856523e-05j),(-9.961835872784755e-06+9.282145187470736e-06j),(-0.525606322200202-0.7574922631742198j)
0.06,(-0.7690183718204394-0.447407503688112j),(-2.9862263504609334e-05-2.76708891782928e-06j),(0.0001324157001584011-0.00010692190219705635j),(-6.188353835401054e-05-1.858941481002989e-05j),(-8.562157761869925e-06+2.2327898081835324e-05j),(-0.7687947872789993-0.4477882108809509j)
0.07,(-0.8499158942830576-0.07609565949678304j),(-2.7231378374687458e-05+8.859317100077871e-06j),(7.128269358669712e-05-0.00015534385048376092j),(-7.34460185707383e-05+2.389142975966064e-05j),(3.6956725353631934e-06+3.91345377881294e-05j),(-0.8498820197876664-0.07663472611604413j)
0.08,(-0.7645409163025866+0.2783791498710192j),(-1.9599176419261134e-05+1.689096733830734e-05j),(-3.8356666278062065e-06-0.00016236296709037717j),(-5.371869775918686e-05+6.915306193866071e-05j),(3.240639068429195e-05+5.203630128732401e-05j),(-0.7647825536708813+0.27780314698412867j)
0.09,(-0.5437434498240317+0.5473037890202838j),(-1.0140147983757021e-05+1.989955154535288e-05j),(-6.694221020159995e-05-0.00013134066866708055j),(-7.094951565669725e-06+9.513182340589338e-05j),(7.811587606199036e-05+4.798009161279222e-05j),(-0.5442639223147556+0.5468462189667717j)
0.1,(-0.24373042776682888+0.6856183485860976j),(-1.6734579613701661e-06+1.8440611025792256e-05j),(-0.00010173909322580717-7.844064394487232e-05j),(4.839541064412956e-05+8.82476636581748e-05j),(0.0001318336363316047+1.1727493890302145e-05j),(-0.24443857488572515+0.6854217132342564j)
0.11,(0.06832283808274286+0.6794515775498305j),(4.139629678022357e-06+1.4258507081664244e-05j),(-0.00010560675574858384-2.3596990945862716e-05j),(9.091544806051903e-05+5.011793783371921e-05j),(0.00017306988178443527-6.737204061275948e-05j),(0.06758264941876706+0.6795849950858032j)
0.12,(0.32976092105088006+0.5460257032934008j),(6.961286546681912e-06+9.177969567433649e-06j),(-8.611537810478545e-05+1.8551774713841275e-05j),(0.00010488892545503164-5.296699573741581e-06j),(0.00017156771641746395-0.00018727310583656183j),(0.3291516960930695+0.546462509829129j)
0.13,(0.4952560519732396+0.326631574067719j),(7.339575389147436e-06+4.628090338538488e-06j),(-5.5809779273924775e-05+4.1415691227051375e-05j),(8.698305158765187e-05-5.861769885106448e-05j),(9.59506965632968e-05-0.00032599350424081204j),(0.4949049705573372+0.327265791377666j)
0.14,(0.5444329423216024+0.0751490892668052j),(6.210219507508908e-06+1.324573561723313e-06j),(-2.604610145362774e-05+4.62964045056628e-05j),(4.4920345622679975e-05-9.368587085633787e-05j),(-7.396653598898115e-05-0.00043973520383937476j),(0.5443929764163559+0.07582577741510213j)
0.15,(0.48311263069744514-0.15486213155794332j),(4.45097290748092e-06-6.174251394610903e-07j),(-3.8086216163624347e-06+3.8883291430624825e-05j),(-7.339204743872122e-06-0.00010191663583460656j),(-0.000332555111852401-0.0004681647947161991j),(0.4833421678870323-0.15427902983070746j)
0.16,(0.3386750316456552-0.3212602998034966j),(2.734498753229315e-06-1.4239690650099511e-06j),(8.405429763118195e-06+2.634595994692331e-05j),(-5.515318381940431e-05-8.411670849652542e-05j),(-0.0006374422001346359-0.00035212666897463954j),(0.339083945110034-0.32086530568409993j)
0.17,(0.151500090336026-0.4006262617387272j),(1.3938080062142493e-06-1.489205806194982e-06j),(1.2078162492081409e-05+1.4193484019641537e-05j),(-8.765105833966893e-05-4.6829413892622834e-05j),(-0.000908773208357548-5.3206394680444236e-05j),(0.15197278909483755-0.40046016555945024j)
0.18,(-0.035285147854408186-0.3904632430097463j),(5.156827889675987e-07-1.1780895276326273e-06j),(1.0343107717697425e-05+5.414939379202944e-06j),(-9.862547830237577e-05+2.415287556219235e-07j),(-0.0010398601271447711+0.00042243705576538526j),(-0.03485696172110468-0.3905020546802252j)
0.19,(-0.18507324729443686-0.3066020136593646j),(5.072774710686703e-08-7.608800125724513e-07j),(6.475099244303433e-06+8.251895675994818e-07j),(-8.69748504829165e-05+4.663647708823336e-05j),(-0.0009247257131593067+0.0010072834610501341j),(-0.18476138795986355-0.3067797354422462j)
0.2,(-0.2743432262724667-0.17721453842593995j),(-1.2390259662886083e-07-3.9066267896047687e-07j),(2.814154762771009e-06-4.134273980550719e-07j),(-5.534524562185678e-05+8.268924212014227e-05j),(-0.0004903409623930681+0.001572209754952942j),(-0.27417477956886216-0.17744936974839604j)
0.21,(-0.2954051654579968-0.035081752744257275j),(-1.3023832361778145e-07-1.2840394592287196e-07j),(5.166062242126371e-07+2.928193951978902e-07j),(-1.0113052537901265e-05+0.00010042351807364934j),(0.0002669353015872659+0.001943649745549081j),(-0.29536046213307554-0.035303044318397175j)
0.22,(-0.25539726959255993+0.08981854466374423j),(-6.196342321205777e-08+2.2114763917212e-08j),(-2.23905342527437e-07+1.632359005173394e-06j),(3.913681337747703e-05+9.506560483218531e-05j),(0.0012557159229620372+0.0019418647697605155j),(-0.25542374391735817+0.08963403641849375j)
0.23,(-0.17237716652794932+0.17586614954098564j),(2.087487502558944e-08+8.199176612078012e-08j),(2.443154286496495e-07+2.6846003378505307e-06j),(8.134504391717121e-05+6.667006443140556e-05j),(0.002286701668980544+0.001435988689903448j),(-0.17244577194383226+0.17572797048961974j)
0.24,(-0.06990155444950887+0.21276137600451364j),(8.654842704697427e-08+8.298020317243247e-08j),(1.3121679188717426e-06+3.0154648806603844e-06j),(0.00010603273908763665+2.0372373204961747e-05j),(0.003100650596894408+0.00039346344179894127j),(-0.06998658367600578+0.21267877377187877j)
0.25,(0.02864284150497011+0.20166865580209895j),(1.2474070158370445e-07+5.440367574673296e-08j),(2.4126582865307935e-06+2.6107587423356183e-06j),(0.00010575893465346306-3.378342027456669e-05j),(0.0034196403027942856-0.0010841435671111513j),(0.028561046065934723+0.20162786137048613j)
0.26,(0.10466333351829439+0.15297441937801284j),(1.3709564606766148e-07+1.6703691182329426e-08j),(3.1788042132913195e-06+1.6863562423720016e-06j),(7.87908590172633e-05-8.270736283966679e-05j),(0.003018790533365071-0.0027514511560969308j),(0.10460188431081131+0.1529650611136895j)
0.27,(0.14719474355161608+0.08262395130168568j),(1.3054844707625329e-07-1.7932074449947712e-08j),(3.4589012828948783e-06+5.400488172862317e-07j),(3.0256473528490202e-05-0.00011350042162120681j),(0.0017989591043870805-0.004249401700837769j),(0.1471353868768717+0.08263015798224478j)
0.28,(0.15366443237168656+0.008016363560600693j),(1.1227413790648956e-07-4.4176514809343055e-08j),(3.2607052454103593e-06-5.729024202067064e-07j),(-2.8733225244634126e-05-0.0001173231012087972j),(-0.00015367185879832054-0.005174472809499955j),(0.15361298639783144+0.008040826187297389j)
0.29,(0.12895485315570346-0.05562348187607343j),(8.888278826354074e-08-6.05354206377807e-08j),(2.6988364814497986e-06-1.4639606898803524e-06j),(-8.371808085808928e-05-9.168198416497603e-05j),(-0.0025554756989382404-0.005171899420680718j),(0.12891975324996904-0.05558241311388863j)
0.3,(0.08312295982143941-0.09781456971363718j),(6.501566673217021e-08-6.80022553899644e-08j),(1.928435077355539e-06-2.040855375607138e-06j),(-0.00012054744058010314-4.1627587993778856e-05j),(-0.004953240827017144-0.004033969036024495j),(0.08311384940966807-0.09777461261192924j)
0.31,(0.028558328899704777-0.11399385156414661j),(4.350368762989624e-08-6.863198889966262e-08j),(1.0995458132107379e-06-2.291873796206798e-06j),(-0.00012915794700403156+2.131115521468672e-05j),(-0.006802958425323111-0.0017789324865212799j),(0.028575281554444762-0.11395034039493666j)
0.32,(-0.022784337210558364-0.10533953448040397j),(2.5636478074714515e-08-6.461999827633088e-08j),(3.285993630712894e-07-2.2600865136314456e-06j),(-0.00010633588341629139+8.201487609337629e-05j),(-0.007584822274293415+0.0013115362414805117j),(-0.02273729790793674-0.10530789558289345j)
0.33,(-0.06156883159540969-0.07755953251576936j),(1.1766487973638872e-08-5.788367587283352e-08j),(-3.082592323784709e-07-2.016907259787903e-06j),(-5.656059096797765e-05+0.00012554035439791948j),(-0.006929870533183974+0.004716170618187399j),(-0.06150350522849159-0.07756094095145305j)
0.34,(-0.08238834926493722-0.03903763365393474j),(1.6678782591819882e-09-4.9936309605695037e-08j),(-7.741517187357258e-07-1.6423320653695839e-06j),(8.999334697843913e-06+0.0001408100311437478j),(-0.00472795108783568+0.007756284795796219j),(-0.08232156530921428-0.03908206830610805j)
0.35000000000000003,(-0.08409717318820592+0.0011896294488735054j),(-5.228614337058629e-09-4.1802695535759906e-08j),(-1.0650923650741115e-06-1.20872547178933e-06j),(7.522834339798398e-05+0.0001234006891683197j),(-0.0011937369952289439+0.009725890980889721j),(-0.08405360252873025+0.001100962807070907j)
0.36,(-0.06931815580848806+0.03521057536937751j),(-9.566445642086811e-09-3.412370029438961e-08j),(-1.1982446200115208e-06-7.739447877150477e-07j),(0.0001266814961001839+7.649538734183204e-05j),(0.003137293327535281+0.010047314579869838j),(-0.06932830420281218+0.03509771010758838j)
0.37,(-0.04334330083807976+0.057515293332045796j),(-1.1964156853053589e-08-2.7258385479717648e-08j),(-1.2027534223612428e-06-3.789635518668026e-07j),(0.00015115299033986127+1.0106299927969457e-05j),(0.007484783192163447+0.00841486811116234j),(-0.04341658147931785+0.057400750910044124j)
0.38,(-0.012733224202352504+0.06562564502145155j),(-1.2961141840403541e-08-2.1369044993477888e-08j),(-1.1128075400977497e-06-4.887206214427016e-08j),(0.000142418333809252-6.12136742356321e-05j),(0.010962148673317842+0.004893712183357869j),(-0.012870960945944344+0.0655436265752415j)
0.39,(0.01608116255293732+0.060060450470700494j),(-1.3001996544148765e-08-1.6458581218892346e-08j),(-9.615375584761637e-07+2.0580116828873871e-07j),(0.00010164374472815586-0.00012171847554954079j),(0.012752777575458464-4.730024429472335e-05j),(0.0158963486718483+0.060045387483558824j)
0.4,(0.03794187429386206+0.043788933725280595j),(-1.2427658124623553e-08-1.2460400296697174e-08j),(-7.777359858041698e-07+3.8457984581705654e-07j),(3.7000581084259965e-05-0.00015790543399111362j),(0.012292086161773174-0.005591524713082179j),(0.03774644912728007+0.043866195950942176j)
0.41000000000000003,(0.049709010197879995+0.021329730221930594j),(-1.1489962956799818e-08-9.272806687464423e-09j),(-5.846101234572095e-07+4.937259814076644e-07j),(-3.813733130746675e-05-0.00016137693134434731j),(0.00941177459113878-0.01070876694934702j),(0.04955182620294653+0.02150303858304704j)
0.42,(0.05053486342204504-0.0022910249656360776j),(-1.036806282649777e-08-6.776927727715656e-09j),(-3.993307471664503e-07+5.436668473172336e-07j),(-0.00010803383031197995-0.0001305967215078496j),(0.004414116924939621-0.014346030012341159j),(0.05046154662427951-0.002043022295474001j)
0.43,(0.04169551299751439-0.02251729988374956j),(-9.184905094146528e-09-4.858034346080722e-09j),(-2.3351230042399019e-07+5.467027943443295e-07j),(-0.0001578510124207206-7.118939041298311e-05j),(-0.0019460233081848035-0.015640371385090567j),(0.041738035207611296-0.022235011512773385j)
0.44,(0.026064920517210134-0.03601347252165044j),(-8.019756403590465e-09-3.4052916305111872e-09j),(-9.357801675045686e-08+5.151549130701174e-07j),(-0.00017675904513890744+5.22696530479412e-06j),(-0.008569980642770236-0.014110887487786775j),(0.026236932895314778-0.0357515852251269j)
0.45,(0.007394706631872867-0.04109895462750272j),(-6.920078882027092e-09-2.3209578369666573e-09j),(1.788460857717018e-08+4.602833658730962e-07j),(-0.0001600848566854923+8.343786325178259e-05j),(-0.014207611026844896-0.009790204961843926j),(0.007683833334613735-0.04091833258565421j)
0.46,(-0.010469564044125614-0.03784648860859862j),(-5.91231773226902e-09-1.5264604493351075e-09j),(1.0092427033332853e-07+3.918896956379659e-07j),(-0.00011022397820995857+0.00014759356697371882j),(-0.017696143038416205-0.003258111779362912j),(-0.010105280202730337-0.03780072358285459j)
0.47000000000000003,(-0.024292586546735096-0.027849475889183756j),(-5.0081011281893426e-09-9.539864619828262e-10j),(1.5767953515539352e-07+3.1791267209304363e-07j),(-3.625048758836299e-05+0.00018436249066499708j),(-0.01819533568554067+0.004428715856936715j),(-0.023922596094042205-0.027970461306842435j)
0.48,(-0.03197245936497628-0.0137587546694499j),(-4.211319269725247e-09-5.553750543045095e-10j),(1.912973616174192e-07+2.4469726296257786e-07j),(4.76811723746743e-05+0.00018549077712726598j),(-0.015374140916432917+0.011915463947582968j),(-0.03167083237499877-0.014040890565547607j)
0.49,(-0.0327741140315233+0.0013302204191293857j),(-3.517512955264115e-09-2.861486217710748e-10j),(2.0577048908838844e-07+1.7656426487397362e-07j),(0.0001251294580173019+0.000149669840531416j),(-0.009512580768117198+0.01778137158222677j),(-0.03261133624814401+0.000926347562968566j)
0.5,(-0.027318790573725577+0.014482933997246157j),(-2.9193865756977078e-09-1.1243971906527792e-10j),(2.0523131510450287e-07+1.1639111138911657e-07j),(0.00018046089337811412+8.284687523484228e-05j),(-0.0014880415130020612+0.02081655822075289j),(-0.02734165776187059+0.014026574315807802j)
0.51,(-0.01731982527953567+0.02344390240545001j),(-2.4081660245419913e-09-5.945407822934779e-12j),(1.9373446728578387e-07+6.569554785682021e-08j),(0.00020195872329881374-2.734129410478911e-06j),(0.0073534787524607475+0.020266173286294646j),(-0.01754351119241654+0.02302388218695965j)
0.52,(-0.005159709663147164+0.026985616487859472j),(-1.9745057503767373e-09+5.077377482381186e-11j),(1.748226764313217e-07+2.513097905193509e-08j),(0.00018414282207121214-9.06738768681534e-05j),(0.015432037528696754+0.016005169238004963j),(-0.005554448628818382+0.02669138816278719j)
0.53,(0.006628166347278312+0.025023634604759374j),(-1.6090031168067128e-09+7.552491687751949e-11j),(1.5166692517380451e-07-5.655359386162095e-09j),(0.0001291862385481825-0.00016353987306938633j),(0.02121307671558467+0.00859531750185331j),(0.006130188726396268+0.0249218486736229j)
0.54,(0.015842959848131152+0.01852583471792678j),(-1.3028532318980716e-09+7.91573059153528e-11j),(1.2679874014734118e-07-2.7427174643114967e-08j),(4.6739028823473814e-05-0.00020617591681415154j),(0.02350865786377319-0.0007830460873518496j),(0.015336628148185314+0.01864865374043975j)
0.55,(0.020998077156120405+0.00922619195401372j),(-1.0460911457658178e-09+6.177250547459042e-11j),(1.0184162755116248e-07-4.094063751926398e-08j),(-4.759414504818694e-05-0.0002088187942974448j),(0.021721924889895952-0.010522761206284639j),(0.020599178678888323+0.009562052812228529j)
0.56,(0.021545760099340252-0.0007907837699668505j),(-8.354640021966921e-10+4.9778267189186646e-11j),(7.916700858053712e-08-4.846154950590632e-08j),(-0.00013512662451705315-0.00016958425956583307j),(0.015959914738085015-0.018871810310933646j),(0.021302371967169068-0.00030191927998277773j)
0.5700000000000001,(0.0178720514224571-0.009500097888954888j),(-6.607701480169208e-10+3.071222828414245e-11j),(5.8847576683385966e-08-5.070857108556809e-08j),(-0.00019770693973393733-9.476381712769452e-05j),(0.007100005403361515-0.024248016533823767j),(0.017864268674033713-0.008948705948596213j)
0.58,(0.011159361464993111-0.015344745599701143j),(-5.175642249919252e-10+1.2621695996649136e-11j),(4.1645618048878366e-08-4.92389535497725e-08j),(-0.00022141263167693945+1.490157013272922e-06j),(-0.0033919020994504197-0.025556123320770424j),(0.011396503607010805-0.01483890862462748j)
0.59,(0.0030663342612203756-0.017489503376764703j),(-4.0078913396876814e-10-3.213036450166636e-12j),(2.7693051666326027e-08-4.523653652037663e-08j),(-0.00019978125355453143+9.984133362744705e-05j),(-0.01368726316117742-0.022403887492743368j),(0.0035032642681414577-0.017132981706762862j)
0.6,(-0.004637941177393434-0.015920239703917746j),(-3.0566460261890653e-10-1.68064153115555e-11j),(1.691345871696506e-08-3.963685176581436e-08j),(-0.00013567176611571053+0.000179545573601503j),(-0.021927763370891116-0.015203556577904022j),(-0.0040903627563637236-0.015791586266160597j)
0.61,(-0.010452121117802995-0.011382972919447383j),(-2.2954658153680626e-10-2.581703731636173e-11j),(8.96751200865632e-09-3.3489853093385085e-08j),(-4.122244856093536e-05+0.00022266339027523634j),(-0.026571457436276574-0.005120755383790415j),(-0.009906680317618304-0.011507928842431263j)
0.62,(-0.013415738159406351-0.0051456951104756786j),(-1.6911274020115278e-10-3.102514924183439e-11j),(3.4444988700248046e-09-2.7352796204457754e-08j),(6.401949096139172e-05+0.000218370504937286j),(-0.026689784466438802+0.006115849055203444j),(-0.012984039768292585-0.005496678838599771j)
0.63,(-0.013262181756855453+0.0013067113249954554j),(-1.2179260993586292e-10-3.2886848854293265e-11j),(-1.2406891799931615e-10-2.1655089009691383e-08j),(0.0001569872371315125+0.00016585344370721812j),(-0.022158336754900823+0.01652356197651136j),(-0.013032925427781767+0.0008041955960094646j)
0.64,(-0.010407754017563955+0.0066057052183555905j),(-8.534011813110185e-11-3.206578345302582e-11j),(-2.1941972174537447e-09-1.6649728149647974e-08j),(0.00021611429453181015+7.527750620305417e-05j),(-0.01370078983613793+0.024227994893455413j),(-0.010427116060573276+0.006062155740502156j)
0.65,(-0.005794708876835596+0.009776332569403166j),(-5.750451368946723e-11-2.9583097703130366e-11j),(-3.1405794740581765e-09-1.2409495201857961e-08j),(0.0002265695961132963-3.375476054618753e-05j),(-0.002772957400201682+0.027812082097195618j),(-0.006052337278548158+0.009314701482764653j)
0.66,(-0.0006412254635290227+0.010427964891417108j),(-3.715156748070851e-11-2.5653134947338435e-11j),(-3.3857902236349057e-09-9.013648935120756e-09j),(0.00018410728175598148-0.00013604568393809296j),(0.008699292967754483+0.026604074141249625j),(-0.0010699835625365512+0.010141015581803992j)
0.67,(0.003864422994217142+0.0087562615521247j),(-2.2552680637006974e-11-2.1155305058522335e-11j),(-3.175495631034225e-09-6.369095326276716e-09j),(9.73094061231108e-05-0.00020669879561849123j),(0.01866845170257558+0.020794816913271917j),(0.0033685518759131988+0.008700837583281884j)
0.68,(0.006828790393984967+0.005457162251761465j),(-1.2667267103319462e-11-1.6527169555882007e-11j),(-2.7551413097101835e-09-4.393948127732254e-09j),(-1.372004133822364e-05-0.00022718883316864692j),(0.025362015337113308+0.011427379061513566j),(0.0063763341093830295+0.005630958288239254j)
0.6900000000000001,(0.0078052709326123446+0.001499705162225069j),(-6.091282672813529e-12-1.2264386276627607e-11j),(-2.220250252003161e-09-2.949856166693204e-09j),(-0.00012172184921524723-0.00019101943872158308j),(0.027587652361126036+0.00019803498203662664j),(0.007503389340999665+0.0018490275259425053j)
0.7000000000000001,(0.006881110376899408-0.002118641399633787j),(-2.159493270479443e-12-8.558993382740251e-12j),(-1.7058004481080948e-09-1.9370845741637703e-09j),(-0.00019857046938715124-0.00010589922054098143j),(0.02501114718430518-0.010856973860827037j),(0.0067828242211660245-0.001687082322509354j)
0.71,(0.0045658179631475875-0.004619554520905966j),(-4.418493710414314e-14-5.565618111835938e-12j),(-1.2524990671980654e-09-1.2457557583956133e-09j),(-0.00022314559972784413+6.794536963025059e-06j),(0.018178118440261157-0.019752957279766226j),(0.004679350527767654-0.004217018950205908j)
0.72,(0.0016272806309305828-0.005603287596469754j),(8.742428702781115e-13-3.3198365870493725e-12j),(-8.83919551267918e-10-7.867839310571622e-10j),(-0.00018760199807868125+0.00011702825598249069j),(0.008423560841035342-0.024941031095431967j),(0.0019036614358917648-0.0053234349896900115j)
0.73,(-0.0011309875002879241-0.00509274152797986j),(1.0899918819169347e-12-1.756220130445324e-12j),(-5.985080192517968e-10-4.894872117741219e-10j),(-0.00010068761046207127+0.00019410796708307714j),(-0.0023979209143326144-0.025590821708322928j),(-0.0007784668827633685-0.0049910695855123486j)
0.74,(-0.0030773111265515484-0.003477900105308193j),(9.398983826253832e-13-7.733832448033226e-13j),(-3.9142846861728605e-10-3.010300428556245e-10j),(1.3627319544219173e-05+0.00021544598194583197j),(-0.012280778876487458-0.021761667287850006j),(-0.002744837830294987-0.003557174374272341j)
0.75,(-0.0038839377696035784-0.001356922310029755j),(6.618749560616999e-13-2.257572103873233e-13j),(-2.4675525931765464e-10-1.8353682069819864e-10j),(0.00012227431194106636+0.00017411478134308675j),(-0.019460068488674164-0.01434966713732405j),(-0.0036535035698644523-0.0015731323924122582j)
0.76,(-0.003569340006698554+0.0006455913172198146j),(3.91612806487981e-13+2.6016737388159223e-14j),(-1.4986530795711774e-10-1.1115467661538639e-10j),(0.00019262775668109654+8.192210540892427e-05j),(-0.022760740345723705-0.004903905602755904j),(-0.003485074512100828+0.0003670781754653196j)
0.77,(-0.0024361684057016635+0.002046500503894796j),(1.8863475445965407e-13+1.0324477156271887e-13j),(-8.738789851650161e-11-6.691045423756903e-11j),(0.0002029043311079601-3.311519000893373e-05j),(-0.021803137860783434+0.0047078993554040185j),(-0.0024983697766364017+0.0017875595387516687j)
0.78,(-0.0009458174598617682+0.002608763500628483j),(6.357723034145096e-14+9.570591126370078e-14j),(-4.846450387691697e-11-3.9982153927237636e-11j),(0.00014978178960126424-0.000134930342211537j),(-0.01705066235239955+0.012678772736935927j),(-0.001114428957586141+0.0024358248873367115j)
0.79,(0.00043422255424714086+0.002368475152255295j),(3.741045132579141e-15+5.990564129633235e-14j),(-2.5665279720833134e-11-2.3591584219996374e-11j),(5.0471411828839834e-05-0.0001907351356422364j),(-0.009697545160347308+0.017641919242525828j),(0.0002234156951476233+0.002313403585768305j)
0.8,(0.0013626814153927555+0.00156890667670649j),(-1.495620924483288e-14+2.6761595524809913e-14j),(-1.2814136248465693e-11-1.3667400662775023e-11j),(-6.200190464980256e-05-0.00018249466437757184j),(-0.0013558709356771836+0.018914579888806085j),(0.0011750361878824845+0.0016246718076953347j)
0.81,(0.0016942898980257999+0.000555978072617596j),(-1.391893336726933e-14+6.473446774752533e-15j),(-5.927760176823495e-12-7.714521522694027e-12j),(-0.00014963827432165765-0.00011370908887485958j),(0.006286165762617371+0.016603842511929964j),(0.0015783183364447815+0.0006860819882082943j)
0.8200000000000001,(0.0014826080257711954-0.00034077041993017126j),(-7.287020068393575e-15-1.827341025890494e-15j),(-2.479662547065659e-12-4.201163534353803e-12j),(-0.00018269099127215795-8.974771395187882e-06j),(0.01182377780250112+0.011531921278991365j),(0.0014565594081946544-0.0001890655740860055j)
0.8300000000000001,(0.0009232347252403309-0.000901528381952674j),(-2.0037426737784875e-15-3.0144055192582286e-15j),(-8.863097869849258e-13-2.187215640091206e-12j),(-0.00015066571451119679+9.416552034114977e-05j),(0.014421951149227511+0.00500767107482533j),(0.0009752521398414657-0.0007769455928913174j)
0.84,(0.00026426926736240373-0.0010554709774348201j),(3.664584820849765e-16-1.6793699583965914e-15j),(-2.2674401519906413e-13-1.0753179753577586e-12j),(-6.670805361217481e-05+0.0001588084345321331j),(0.01393613171794235-0.0015014884684130133j),(0.0003609894166922927-0.0009874022911432719j)
0.85,(-0.0002789128919880844-0.0008681655027334207j),(7.143026782824808e-16-3.7745698280292365e-16j),(7.331655525859303e-16-4.916361167534322e-13j),(3.694045582655859e-05+0.00016252633372379783j),(0.010883111465394694-0.0066994166437921j),(-0.00017645179915111187-0.0008637690846932638j)
0.86,(-0.0005810444744600211-0.000489196922957229j),(3.3842432110377713e-16+1.6498806607291e-16j),(5.101922644357524e-14-2.0484097455404198e-13j),(0.00012103783259776063+0.00010609761076737625j),(0.006258247692347716-0.009729867490636297j),(-0.0005055422928084572-0.000533467371588174j)
0.87,(-0.0006229547891624745-8.509415463505327e-05j),(1.7878890742136868e-17+1.748018984912755e-16j),(4.3573767944875777e-14-7.503664035357416e-14j),(0.00015456373115080394+1.332622433183873e-05j),(0.00125549721494954-0.010319181720820848j),(-0.0005893053880667208-0.0001527569550141605j)
0.88,(-0.0004696197421557361+0.0002164259378423873j),(-6.950409446000883e-17+4.489473232888425e-17j),(2.5636146475142716e-14-2.2385322738192388e-14j),(0.00012695481328789553-7.846536746124789e-05j),(-0.0030256410978939437-0.008761097537819586j),(-0.00047780496826003733+0.0001530839510741939j)
0.89,(-0.00022729929794315022+0.0003561934305418626j),(-3.2475539408288194e-17-2.2799583092567555e-17j),(1.1989802806479948e-14-4.271031366904164e-15j),(5.2098944133718425e-05-0.000133501764094583j),(-0.005820330677350969-0.005775990422249676j),(-0.0002624180130863737+0.00031616772923721956j)
0.9,(2.089132400456365e-06+0.00034332207027078124j),(5.553269476473831e-18-1.8426904624411577e-17j),(4.5572606862061384e-15+3.276802725405137e-16j),(-3.769515152214575e-05-0.00013204684568230758j),(-0.006830909998101315-0.002278175125494418j),(-4.127137933224781e-05+0.00033174945943141977j)
0.91,(0.00015262968897108227+0.00023144559659346532j),(9.618179769817764e-18+5.213056683112561e-19j),(1.3425360901990022e-15+8.050883921275673e-16j),(-0.0001055183593337074-7.820872799431139e-05j),(-0.006211469090627282+0.000880092080447872j),(0.00011762666332563428+0.00024382864055237977j)
0.92,(0.00020429779310939127+8.839928738031119e-05j),(5.789251267666884e-19+4.947450644761359e-18j),(2.5242364255674296e-16+4.473270861289913e-16j),(-0.00012535198916926839+2.6698177432658336e-06j),(-0.004457225301271546+0.003090472894475851j),(0.00018606971266539+0.00011298373281218765j)
0.93,(0.00017500424625602063-3.0614360904897576e-05j),(-2.6440702852052293e-18+5.701771186421425e-19j),(-1.0246738316123986e-17+1.6059499995841288e-16j),(-9.25745335080171e-05+7.552933715557431e-05j),(-0.0022150998107245638+0.004090425250097189j),(0.00017394275339526383-5.491544533969597e-06j)
0.9400000000000001,(0.00010252795232872531-9.676461580739382e-05j),(-3.723559733242318e-19-1.5053373097747375e-18j),(-3.122144505458189e-17+3.6751708952619453e-17j),(-2.4797854780222915e-05+0.00011091223459489616j),(-0.00010119511900219443+0.0039564767151353585j),(0.0001131660356146006-7.941221105173257e-05j)
0.9500000000000001,(2.5318667963782556e-05-0.00010823452534246343j),(9.590197998485773e-19-1.789174720690862e-19j),(-1.3622423411878508e-17+2.032709066497132e-18j),(4.69228369444504e-05+9.720849268623002e-05j),(0.0014444120115270408+0.003009795967996541j),(4.03157559603865e-05-0.00010165910702110381j)
0.96,(-3.0354609401078805e-05-8.169294143472438e-05j),(5.0353494180066744e-20+6.514422991011043e-19j),(-3.0184149166993434e-18-2.3969513805629755e-18j),(9.221463147276971e-05+4.442215758530363e-05j),(0.0022266834428207923+0.0016864834024838205j),(-1.7525862235569275e-05-8.426160781326849e-05j)
0.97,(-5.4932882608773334e-05-4.002218754479548e-05j),(-5.199362777013807e-19+3.519866790764629e-20j),(-6.700801441420826e-20-6.444208317655019e-19j),(9.44573169291218e-05-2.165167949588788e-05j),(0.002284876641103152+0.0003963216627863441j),(-4.778088825982066e-05-4.747655188238035e-05j)
0.98,(-5.2616140454365795e-05-2.2704575316947787e-06j),(9.755211774409585e-20-4.0199005798234757e-19j),(2.2433402053189776e-19-1.3435534429700592e-19j),(5.688448666091867e-05-7.186131890536625e-05j),(0.0018185102040112326-0.0005762160245905179j),(-5.128127337684686e-05-1.0365874395001486e-05j)
0.99,(-3.4810611096476346e-05+2.098181027092364e-05j),(3.362550016188505e-19+1.5712907482854735e-19j),(5.691879175853015e-20+3.366562863989375e-20j),(-6.118005700363885e-07-8.654570006746642e-05j),(0.0011012081203302065-0.001102872060681438j),(-3.7527936095162534e-05+1.5148166536054852e-05j)
1.0,(-1.3401661744101603e-05+2.819241320876639e-05j),(-2.198310452048993e-19+2.953017829416568e-19j),(-2.3245159278319492e-21+1.6475299812128913e-20j),(-5.159742815572406e-05-6.326136688579121e-05j),(0.00037902200917653704-0.001205260969795717j),(-1.772880465370773e-05+2.565134118382959e-05j)
1.01,(3.3043916960448983e-06+2.3629918698979874e-05j),(-2.485453337172672e-19-3.314428055068732e-19j),(-4.0863541791125305e-21+5.854141294824107e-22j),(-7.523284218542006e-05-1.5984897796525296e-05j),(-0.00017708587232955609-0.001000796233119368j),(-5.359819097007147e-07+2.395874315899325e-05j)
1.02,(1.1972985535514657e-05+1.3636452476049782e-05j),(4.2607355217994984e-19-2.6976866730044054e-19j),(-4.4386674292040505e-22-1.079670064569298e-21j),(-6.466672573465874e-05+3.261727554683488e-05j),(-0.0004943762835574406-0.0006431529318247358j),(9.654281269886669e-06+1.552760336714071e-05j)
1.03,(1.3253536417011253e-05+3.69230051720042e-06j),(2.886941619605141e-19+5.946427764916725e-19j),(2.673624736168375e-22-1.2706792826603732e-22j),(-2.8300945073861173e-05+6.197271097672036e-05j),(-0.0005831070042575197-0.0002718612977748553j),(1.2603859247418243e-05+5.8904224241618184e-06j)
1.04,(9.921123209525138e-06-3.112307597798769e-06j),(-8.579889571784889e-19+2.773936965274907e-19j),(3.3838276264454015e-23+8.143024172519743e-23j),(1.5531659498309653e-05+6.212823329768885e-05j),(-0.000506573531037758+2.1225562955150203e-05j),(1.0436481990182829e-05-1.4351611659507003e-06j)
1.05,(5.013373953324906e-06-6.017345820251072e-06j),(-3.4412559219326345e-19-1.269319618295652e-18j),(-2.5162880419801744e-23+8.296268378975443e-24j),(4.772463009397105e-05+3.664021389531616e-05j),(-0.0003448543946993408+0.00019672099847680314j),(6.0332360426258855e-06-5.197000283406102e-06j)
1.06,(7.554669113774732e-07-5.831488705220963e-06j),(2.242118514000222e-18-9.127974832571643e-19j),(3.81150036784271e-24-8.189944055685037e-24j),(5.648116771266494e-05-8.148369807809348e-07j),(-0.0001692418680179541+0.0002584763894695157j),(1.7482877476665143e-06-5.717869841019076e-06j)
1.07,(-1.7918786555975298e-06-3.93723259123829e-06j),(6.1874038341744646e-18+5.8019045769319e-18j),(-6.76254235478874e-25+4.846368560753997e-24j),(4.1165747492349054e-05-3.3688065879293035e-05j),(-2.7608781835920482e-05+0.00023383043228363478j),(-1.1820177959908839e-06-4.3219938380179615e-06j)
1.08,(-2.6873216258535594e-06-1.786316502724707e-06j),(-8.993134488151819e-18+1.480446747527586e-17j),(-2.4110199588239598e-24-6.7217212889523515e-25j),(1.1082260808034213e-05-4.871497310795795e-05j),(6.200089611416093e-05+0.00017000292416008092j),(-2.4736398000272845e-06-2.2884996235459112e-06j)
1.09,(-2.4028562228510683e-06-8.463915153341523e-08j),(-3.466791223051081e-17-9.676825187822311e-18j),(5.845267990853335e-25-1.0780242813058886e-24j),(-1.9683209382860843e-05-4.2589371168972146e-05j),(0.00010062262547967025+9.511882401082971e-05j),(-2.4514954208417297e-06-5.012747224972128e-07j)
1.1,(-1.5610645087147655e-06+8.710888449096286e-07j),(-1.08858142403305e-17-7.019708142607805e-17j),(3.235010740188155e-25+8.195582696022367e-25j),(-3.897503527669445e-05-2.0578400227051135e-05j),(0.00010077862452689049+3.1029058499543884e-05j),(-1.770137569841294e-06+6.382949352572922e-07j)
1.11,(-6.635810057907189e-07+1.1514243695329445e-06j),(1.4866013002721542e-16-8.637045542891096e-17j),(-8.65106343420161e-26-1.6848773248500444e-25j),(-4.087212153178847e-05+6.599803714133897e-06j),(7.905190181059182e-05-1.249336375435577e-05j),(-9.78744292366439e-07+1.0820053348667272e-06j)
1.12,(6.33897541867301e-09+9.866309361163057e-07j),(2.3719742796116676e-16+1.532500319683019e-16j),(-1.0275425292200346e-25-7.013926953352861e-25j),(-2.7090233048013836e-05+2.7943777665313825e-05j),(4.977962817231821e-05-3.442294389536582e-05j),(-5.57379528775835e-07+1.0179060727466416e-06j)
1.1300000000000001,(3.7021936656363596e-07+6.307548548677796e-07j),(1.1370629192162284e-16+8.464575308155256e-16j),(-9.04447955229605e-26+9.452157887442002e-25j),(-4.981520515931747e-06+3.625576756935757e-05j),(2.270199918000232e-05-3.950595733001812e-05j),(2.2172496707345382e-07+6.293386865916655e-07j)
1.1400000000000001,(4.6958314250944814e-07+2.746705531232077e-07j),(-1.0700135312328894e-15+1.0857629635308171e-15j),(9.747934715493894e-26-1.428993379913366e-25j),(1.6258889751332472e-05+3.0354014842713878e-05j),(2.9474047463780223e-06-3.422140633764167e-05j),(6.239104744381356e-07+3.9825297616943306e-07j)
1.1500000000000001,(4.08409645885905e-07+1.5025000465635733e-08j),(5.492286608992301e-16+1.1558944775072328e-15j),(-1.60339383980309e-24-3.821072073766075e-24j),(2.914068355181546e-05+1.427025177402256e-05j),(-8.690594078237382e-06-2.4603129297041377e-05j),(4.726738442208835e-07+1.5484697503272967e-07j)
1.16,(2.604555827704766e-07-1.37563346715989e-07j),(-7.231878033984057e-15-8.548071355617624e-15j),(9.702089201825198e-25+3.698693579094185e-24j),(3.01886466602894e-05-4.610057550029146e-06j),(-1.3152155066010351e-05-1.3595305961320442e-05j),(3.5679477387587194e-07-6.764683107995964e-08j)
1.17,(1.3023879876125243e-07-1.8035894428781623e-07j),(1.3998003317474912e-14+3.3699473821647976e-15j),(-1.342412714449118e-23+3.0483566108261694e-24j),(2.0923409762017245e-05-1.988539919889061e-05j),(-1.3329166733304403e-05-5.603938939936151e-06j),(1.6827267854120454e-07-1.8778964727008377e-07j)
1.18,(2.5517861660596604e-08-1.6327033961243846e-07j),(1.5534911392085674e-14+3.065111529832985e-14j),(-1.6057337197289978e-23+1.207296409576421e-23j),(5.78822020217898e-06-2.66425117751461e-05j),(-1.080844858206308e-05+4.606887492821495e-08j),(7.241521861155739e-08-2.0396021279340487e-07j)
1.19,(-2.9745249955409843e-08-1.1262232036018263e-07j),(4.414314377367136e-13+6.959375827081482e-13j),(-6.06327681018023e-22+1.9601354063368074e-22j),(-9.351875562409575e-06-2.447044133602206e-05j),(-7.3056997293756155e-06+2.5836284424360625e-06j),(2.2358447235560525e-08-1.4244075019252785e-07j)
1.2,(-5.5084903136561734e-08-6.275255277888117e-08j),(5.056862862733461e-13+6.233610206224407e-13j),(-5.5584817437520355e-22+1.7136506623198895e-22j),(-1.984566925928939e-05-1.454019477122152e-05j),(-4.197955297637059e-06+3.705637126548996e-06j),(-4.8597537243567193e-08-8.878723320953869e-08j)
1.21,(-7.52531992069972e-08-3.508778487774423e-08j),(-4.78516653088399e-13-1.019140986712046e-12j),(1.0366723341415593e-21-3.095493985652292e-22j),(-2.320471715063946e-05-1.740005602759725e-07j),(-2.1583994602759317e-06+5.127385326148161e-06j),(-6.072896566165226e-08-4.4778754515790775e-08j)
1.22,(-5.2245299998489904e-08+7.526199411626346e-10j),(1.4145701385329846e-13+7.535857731490158e-13j),(-1.8702455860776985e-23-6.363730171068147e-23j),(-1.9098403333308883e-05+1.0815950245412525e-05j),(-1.891940849208891e-07+3.459418763955126e-06j),(-5.336099835466394e-08-1.2725760299542767e-08j)
1.23,(-3.5553304179765927e-08+1.629391406900656e-08j),(3.672150067411525e-12+1.1889325565741828e-12j),(4.559213651092368e-22-2.5792206664688327e-21j),(-1.0070856115774842e-05+1.8256481127856085e-05j),(7.737441673882378e-07+2.467786628225354e-06j),(-3.8439136029162386e-08+6.365486069093901e-09j)
1.24,(-2.141915235899789e-08+2.2858269229352648e-08j),(3.120017013930904e-11+6.6510683251710944e-12j),(1.8132836375703776e-20-3.293546628013209e-20j),(7.546462820291035e-07+1.9996086087201285e-05j),(1.2589809478859028e-06+1.6120475570807303e-06j),(-2.7675084861613218e-08+1.6103783672676327e-08j)
1.25,(-1.1137490394655712e-08+2.3781411011586545e-08j),(5.939202375733751e-11+1.1709684409685604e-11j),(4.4826468354673636e-20-7.353593854211613e-20j),(1.0211254572127943e-05+1.6302734565001268e-05j),(1.4267867199861363e-06+9.459537287944256e-07j),(-1.72680740770764e-08+1.971890914630793e-08j)
1.26,(1.3872292022728058e-09+1.408535960870535e-08j),(-6.105164155905602e-11-8.4608972147251e-12j),(-2.4981072133547416e-20+4.361044596951975e-20j),(1.6007803683421636e-05+8.055150387526615e-06j),(8.995296089663052e-07+2.626877908114745e-07j),(-5.57858302420772e-09+1.8406229731504442e-08j)
1.27,(6.809125088508142e-09+8.87539760751887e-09j),(-8.166391404766816e-11-2.2707153079856417e-11j),(-3.441600904973665e-20+6.916740968054963e-20j),(1.723293314269878e-05-9.394393647219549e-07j),(6.35616559104812e-07-1.1688158467003843e-07j),(1.0758021597709417e-09+1.4511824076444073e-08j)
1.28,(6.13998500410477e-09+8.0978203729749e-09j),(-3.549868123064099e-11-6.808254468416203e-12j),(2.4921824899380063e-19-2.1457171562414948e-19j),(1.4214767211601656e-05-8.45202076401684e-06j),(6.369365838293217e-07-2.1543154067684422e-07j),(4.408824075923094e-09+1.0247043050559643e-08j)
1.29,(6.4280209148831594e-09+4.406204402565913e-09j),(-4.169070937370933e-11+2.997654401846247e-12j),(8.891513058156814e-20-2.367223768326014e-19j),(8.160294741121298e-06-1.3583175086181319e-05j),(4.220360679185715e-07-2.9604913326270175e-07j),(5.575118302907793e-09+7.03392995549126e-09j)
1.3,(5.331378714664666e-09+2.000255647173659e-09j),(-2.0588899312653052e-10+1.0553337439426662e-10j),(2.776349364854512e-18-2.540800710540511e-18j),(1.0197849926977075e-06-1.5336172593141168e-05j),(2.6910707574301564e-07-2.779401785772095e-07j),(5.456910073884864e-09+4.1018886418007585e-09j)
1.31,(3.936674235311541e-09+5.329241577726063e-10j),(-2.3563746261063137e-10+1.1365452917183576e-10j),(4.446985280801045e-18-3.866291991401722e-18j),(-5.682267308174718e-06-1.3599213338643126e-05j),(1.6130977746965049e-07-2.2942344797063817e-07j),(4.356661671523462e-09-5.2788140137649644e-11j)
1.32,(3.762297688969786e-09-9.280538978498622e-10j),(3.041812872560451e-10-2.4745660275058956e-10j),(-1.6036313250866764e-18+1.395273867505493e-18j),(-1.0953217710801432e-05-8.81292701762521e-06j),(4.1627759601146224e-08-2.5465912689839976e-07j),(2.5127606291132955e-09-5.0941985876423415e-09j)
1.33,(3.399496840748115e-09-1.8789703814890548e-09j),(6.468508277604026e-10-4.121168621734862e-10j),(-4.7188533752018866e-18+4.8710610431470754e-18j),(-1.3499018358857214e-05-2.81081030508198e-06j),(-4.4926827079880816e-08-2.542728704556413e-07j),(6.818581202851869e-10-7.633573461702155e-09j)
1.34,(1.6419729793479229e-09-1.6647990257967408e-09j),(3.298366445560955e-10-6.35950050691283e-11j),(-8.668370898094913e-19+2.6398685538254996e-18j),(-1.2806263673097329e-05+2.7491349165652603e-06j),(-4.900540954036757e-08-1.4512299880698355e-07j),(3.1466919848000627e-11-3.848133041504669e-09j)
1.35,(9.421308281927705e-10-1.554106271640035e-09j),(4.856834524991814e-10+1.5551826377361217e-10j),(-1.9506331191330935e-17+1.9365327901437415e-17j),(-1.0011074768935747e-05+7.629435961554608e-06j),(-6.14255930345237e-08-1.0258726744824239e-07j),(5.864389666110315e-10+1.5954024291460102e-09j)
1.36,(4.5605843558950405e-10-1.3513013610706107e-09j),(6.590292491673039e-10+3.7666829994188723e-10j),(-3.9125403747387967e-17+3.385399432283795e-17j),(-5.674133639735543e-06+1.0796455693995111e-05j),(-6.38467005622922e-08-6.931831136189008e-08j),(6.621047429923874e-10+1.021256971145101e-09j)
1.37,(1.0610583412946345e-10-9.628431646573438e-10j),(2.794628085211089e-10+9.142314636803438e-10j),(-2.602586942257024e-16+9.975923533064933e-17j),(2.3170109475503224e-07+1.1928548695930656e-05j),(-5.040787570871578e-08-3.960769245954625e-08j),(6.41183358448586e-10+6.24754525420314e-10j)
1.3800000000000001,(-1.6320269334865894e-10-4.960566486298878e-10j),(6.062835811219294e-10+1.3371911036300635e-09j),(-4.824123446872955e-16+1.324240151214565e-16j),(5.84755719397001e-06+1.0953941988836684e-05j),(-2.9383832230987466e-08-1.265072593457066e-08j),(6.031876896082767e-10+3.9524482469668637e-10j)
1.3900000000000001,(-3.4367109871666015e-10-2.4548300219975675e-10j),(3.351442551812035e-09+9.273389724108725e-10j),(-3.0509489423125983e-16-1.7907949247095397e-17j),(8.584000788994092e-06+8.158818197244849e-06j),(-2.0661091274301153e-08+5.484457445120275e-09j),(4.93311712394652e-10+1.1712497992393015e-10j)
1.4000000000000001,(-4.008603371601141e-10-3.446829453826381e-10j),(7.793672231637494e-09+6.618838845635339e-11j),(2.498874905903335e-16-3.4104383439002427e-16j),(8.245386177816989e-06+4.249364978972993e-06j),(-3.185175963905159e-08+1.0118069278926914e-08j),(2.616380791469254e-10-3.4057291685476853e-10j)
1.41,(-3.4230771791014597e-10-5.251301512821534e-10j),(1.0229004392357981e-08+5.562327472106954e-10j),(5.33821411830177e-16-5.858836333219595e-16j),(8.061164253851388e-06+1.7908982216977488e-07j),(-4.35137254775755e-08+6.080645823845337e-09j),(-7.437459227080651e-11-9.186396028358038e-10j)
1.42,(-2.6840113558671653e-10-4.238317167952715e-10j),(9.602874151887883e-09+2.8821829847967746e-09j),(3.2311222511885036e-16-6.194798278597193e-16j),(9.562210398192217e-06-3.4473006906172157e-06j),(-3.3946147798623964e-08+5.326458746867673e-09j),(-4.2515593127396224e-10-1.3957778170095069e-09j)
1.43,(-2.6066758002402956e-10-3.076940762255434e-10j),(1.3238244997382332e-08+4.358171489182037e-09j),(7.479715844178237e-16-7.105164178924097e-16j),(7.479628402224019e-06-6.640591625025778e-06j),(-2.6672473544778982e-08+8.122920722199776e-09j),(-6.630707431756188e-10-1.4999087839549883e-09j)
1.44,(-2.4102283973400353e-10-2.19829137710927e-10j),(1.71755881878348e-08+5.8502033109892e-09j),(1.566022764024141e-15-6.323658315379966e-16j),(4.374775863682399e-06-8.72274650049908e-06j),(-2.0780875811031402e-08+9.465961282497304e-09j),(-6.762798675191632e-10-1.0522819578951583e-09j)
1.45,(-2.174900725965038e-10-1.6020568523058825e-10j),(2.7494255680346792e-08+8.66524160640208e-09j),(2.7538799999868186e-15+1.1248041936899068e-16j),(9.087838080548719e-07-9.457932142103001e-06j),(-1.6513668665349444e-08+9.757825519152903e-09j),(-4.2344618002592546e-10-9.397397603106023e-11j)
1.46,(-1.921630402519686e-10-1.196313830656812e-10j),(3.858455942090346e-08+1.1337025730816909e-08j),(4.35092583186179e-15+1.838662479874849e-15j),(-2.4756035219631053e-06-8.872378374751294e-06j),(-1.3338537845704832e-08+9.39588113746278e-09j),(2.968304794154304e-11+1.0556372298249547e-09j)
1.47,(-1.592561969490714e-10-8.234768905317875e-11j),(3.82022704220843e-08+1.0787170064562382e-08j),(6.316690633421106e-15+4.716390016915912e-15j),(-5.4705576111518445e-06-7.19570250197404e-06j),(-1.006029392445698e-08+8.507797020821847e-09j),(5.107862184999619e-10+1.8588372142979138e-09j)
1.48,(-1.2260028026511333e-10-4.4710233133934156e-11j),(3.2523796357010036e-08+8.402178641992623e-09j),(7.766852284078105e-15+9.513238501213525e-15j),(-7.682648705808799e-06-4.708217982610708e-06j),(-6.575251174280478e-09+7.379484992690396e-09j),(7.975386910489851e-10+1.7883927431612832e-09j)
1.49,(-1.0029485184940275e-10-2.1049815495807456e-11j),(4.930853258918503e-08+1.0680353462396401e-08j),(6.7510559071861636e-15+1.766595826877049e-14j),(-8.624247349447616e-06-1.6745001447869596e-06j),(-4.384016830848139e-09+6.5856008255419554e-09j),(7.492140668574297e-10+7.756365126911124e-10j)
1.5,(-8.910516489060415e-11-1.2189765005843497e-11j),(7.878727669812381e-08+1.7339472306402392e-08j),(1.814680156762282e-14+1.7135092375151645e-14j),(-8.34270645304065e-06+1.4274786940277817e-06j),(-3.432056193951336e-09+6.019087596231891e-09j),(3.8789477445969613e-10-2.6670864515053784e-10j)
1.51,(-7.840200178494224e-11-2.892124465872655e-12j),(9.782409670229288e-08+2.03357647126999e-08j),(6.884745618423677e-14-4.617884492647516e-14j),(-7.209332695835657e-06+4.086509302638308e-06j),(-2.3062123014983702e-09+5.609349840272956e-09j),(-6.245616970341657e-08-8.399423895587089e-08j)
1.52,(-6.190241522415904e-11+1.7586001506389812e-12j),(1.289509163159297e-07+5.0905502296023635e-09j),(1.826652615616518e-14-4.5471487379110154e-14j),(-5.097630328798634e-06+6.292079214674335e-06j),(-1.584009344197912e-09+4.655930345642458e-09j),(-1.3992513461338914e-07-1.8659780560739996e-07j)
1.53,(-6.652481530049321e-11+9.67002644780353e-12j),(1.033925290796686e-07+5.178512879614775e-08j),(3.0963579445674543e-13-1.902412223913277e-13j),(-2.643127449340592e-06+6.834332553413056e-06j),(-6.314547584712656e-10+5.0925336085036805e-09j),(-1.6339441612976922e-07-2.1636866033442466e-07j)
1.54,(-9.711993120988825e-11+2.181944848160295e-11j),(-7.1977607897026064e-09+1.447095728635739e-07j),(9.443504087342972e-13-4.551971083152976e-13j),(-2.6196521170976057e-07+5.589928263371075e-06j),(5.853352282652753e-10+7.323121271562125e-09j),(-1.3354913337230847e-07-1.7472374951278622e-07j)
1.55,(-1.1960339632563666e-10+2.883928762277202e-11j),(-1.5143575374455253e-07+1.518793140609544e-07j),(1.293260104623631e-12-4.732055320451888e-13j),(2.099336330860394e-06+3.904077319819557e-06j),(1.2562963669391137e-09+8.982664168706246e-09j),(-8.788351682524567e-08-1.1243192391632479e-07j)
1.56,(-9.19933200218169e-11+2.002793050311458e-11j),(-2.4390249180036513e-07-5.15182288720839e-08j),(6.75045079181411e-13+1.1929148038524652e-13j),(4.577612981465888e-06+3.3133887560864336e-06j),(5.177512651271235e-10+7.092895118855991e-09j),(-7.607469334459183e-08-9.646333378162055e-08j)
1.57,(-8.735044312614284e-12-4.6039177971899644e-12j),(-2.4173731639248325e-07-4.359251687656501e-07j),(-9.018655351354777e-13+1.247629002367201e-12j),(6.854023311443293e-06+3.9189081472192755e-06j),(-1.529561836317141e-09+1.1865118300597757e-09j),(-1.4240803652042926e-07-1.8635045208547406e-07j)
1.58,(7.630471662638212e-11-2.8641237163737324e-11j),(-1.9802624660976755e-07-7.665410031929648e-07j),(-2.4373746455294083e-12+2.238285696604751e-12j),(7.945979288010634e-06+3.718732188582413e-06j),(-3.381246598960543e-09-5.026720725119483e-09j),(-3.144312711610078e-07-4.189491689399708e-07j)
1.59,(8.279215598881567e-11-2.9316924305948295e-11j),(-2.3788407721930612e-07-7.688549900169143e-07j),(-2.6813396725401395e-12+2.29550675848752e-12j),(6.8137721767717535e-06+2.0958300796187542e-07j),(-3.075272645457385e-09-5.878519101888698e-09j),(-5.970145206654216e-07-8.004884000099711e-07j)
1.6,(2.7446874854039566e-11-1.2698124901464503e-11j),(-4.0312859589630774e-07-6.306612331898662e-07j),(-2.5222785719225024e-12+1.9784260151093394e-12j),(4.265625278217647e-06-4.43327415024829e-06j),(-1.3297463518320801e-09-2.271831982138563e-09j),(-9.709934860516298e-07-1.3047966518578608e-06j)
1.61,(1.69252525865771e-11-8.737465976807815e-12j),(-5.68314708409288e-07-7.964852647422075e-07j),(-4.8996913302187076e-12+3.6733234176653026e-12j),(2.3004012271842326e-06-5.4677166494343e-06j),(-8.306202727733882e-10-1.7219460630297616e-09j),(-1.3955729454066356e-06-1.8765939871204515e-06j)
1.62,(9.933564849639756e-12-5.903614471010435e-12j),(-8.612792545043984e-07-1.0387815166091573e-06j),(-8.241118598160633e-12+4.985482447296756e-12j),(1.1699306628678243e-07-5.67799695513683e-06j),(-4.935812064661854e-10-1.2886976015629712e-09j),(-1.813667762525549e-06-2.438737832422761e-06j)
1.6300000000000001,(-9.325206758321853e-12+4.443722154890747e-12j),(-1.2970095253374475e-06-1.2666275438017899e-06j),(-1.5934231651959282e-11+9.606447901674114e-12j),(-1.7846607331030092e-06-5.038834494999786e-06j),(7.523432251726873e-10-1.1135343325396242e-09j),(-2.1593585935063763e-06-2.902311071933702e-06j)
1.6400000000000001,(-2.249483177670197e-11+1.2729794900792242e-11j),(-2.0245540840495205e-06-2.2454748053151538e-06j),(-2.414562114915425e-11+7.468081336435925e-12j),(-3.4719461269346792e-06-3.7675385874539015e-06j),(1.690275977769476e-09-1.004614436450651e-09j),(-2.3666394800672794e-06-3.1784408694683057e-06j)
1.6500000000000001,(-1.336509254079485e-12+2.4011210719952143e-12j),(-3.2635463732717046e-06-4.349105994838909e-06j),(-2.8460192513565506e-11-1.1532452225266973e-11j),(-5.027338336296797e-06-2.0477702860595554e-06j),(3.0808541035162325e-10-6.205521408166125e-10j),(-2.378634518353066e-06-3.1907366620415097e-06j)
1.6600000000000001,(3.2299728466951164e-11-1.7791225749231794e-11j),(-5.0649630356340716e-06-6.0151669893497924e-06j),(-3.7747412429030806e-11-3.3022061321250745e-11j),(-5.5550372890391255e-06+1.524267902605503e-07j),(-2.171950488606712e-09-8.320226249099695e-11j),(-2.156460791997755e-06-2.8872357677782525e-06j)
1.67,(1.9531736633590768e-11-1.6156082346417062e-11j),(-7.393553459607908e-06-5.228147658707649e-06j),(-6.959685322194956e-11-3.224458451213796e-11j),(-3.959713642610276e-06+2.564511607621707e-06j),(-1.7894964247185617e-09+1.7922236063705883e-11j),(-1.686914758209928e-06-2.2507450510847265e-06j)
1.68,(6.720228657512713e-12-8.687607131056077e-12j),(-1.0766530172328436e-05-4.860612568417559e-06j),(-1.1568040782562108e-10-4.63895615490328e-11j),(-2.21753443516256e-06+3.6689281086185306e-06j),(-9.092314130424291e-10-7.968805852691973e-11j),(-9.881592756476713e-07-1.3064670879856264e-06j)
1.69,(4.156349958962885e-12-6.5938334819646576e-12j),(-1.5275513075826957e-05-3.931653207623113e-06j),(-1.9193169092498279e-10-6.88915400773297e-11j),(-5.421455637309031e-07+3.942454420839876e-06j),(-6.463643153017086e-10-3.88496540560116e-11j),(-1.1258846284992932e-07-1.257992745323773e-07j)
1.7,(2.707242911903088e-12-4.794726742437968e-12j),(-2.130881313673091e-05-1.6705335367077926e-06j),(-3.177116361049694e-10-1.0352210635229515e-10j),(9.810273508319743e-07+3.6259043416904634e-06j),(-4.5461068595922903e-10-2.290289950021045e-11j),(8.539524240090109e-07+1.1748056788130873e-06j)
1.71,(-3.384865600075664e-13+2.4537393977228837e-12j),(-2.965971279879624e-05+2.4483263901823977e-06j),(-5.206519368769818e-10-1.7166531664937498e-10j),(1.8907416116442107e-06+2.7791517635307488e-06j),(7.224270755949607e-11-3.0695279259118574e-10j),(1.7974149052750978e-06+2.441029423913904e-06j)
1.72,(3.734588379858259e-13-1.029017509741208e-12j),(-3.8721740648248526e-05+1.156634803698702e-05j),(-8.873923245764902e-10-2.1393650035959517e-10j),(2.9018746460742236e-06+1.5516968185626198e-06j),(-9.393595143722333e-11-5.718076265126524e-11j),(2.5860857951133804e-06+3.495039379908494e-06j)
1.73,(1.520062135650616e-13-4.5051801599940984e-13j),(-4.928240889774332e-05+2.631045765838608e-05j),(-1.498666287112219e-09-2.6389674486548085e-10j),(3.106112173688809e-06+1.724157018053597e-07j),(-4.227689006134056e-11-4.474119061350393e-11j),(3.087239133183371e-06+4.158113423470541e-06j)
1.74,(7.228008419245034e-14-3.527380158487141e-13j),(-5.916629109297101e-05+4.975310394446139e-05j),(-2.535590128575401e-09-2.2655423749448458e-10j),(2.636746493491392e-06-1.1868764950607886e-06j),(-2.664410995068947e-11-2.3176183766909943e-11j),(3.1907243419241344e-06+4.282649421473882e-06j)
1.75,(2.1086690478844967e-14-1.3453554195953753e-13j),(-6.473978429436204e-05+8.520108536907925e-05j),(-4.271141100617925e-09+8.742075417566216e-11j),(1.7365242532878498e-06-2.10187609338255e-06j),(-9.116336573177097e-12-1.6420078255684506e-11j),(2.840313420682319e-06+3.7946711631575e-06j)
1.76,(7.167603604965316e-15-5.156647935387006e-14j),(-6.069694644448213e-05+0.0001359439106333011j),(-7.1318391842691115e-09+1.0005495685874334e-09j),(5.450569062506237e-07-2.506864303937433e-06j),(-1.4791548264685963e-12-9.303499652872383e-12j),(2.073629987916364e-06+2.7479422488857275e-06j)
1.77,(6.497232856648623e-17-2.950253503212573e-14j),(-3.796117541215321e-05+0.00020422213316928766j),(-1.170258292032989e-08+3.2773638951037053e-09j),(-6.90399611207411e-07-2.272455562133553e-06j),(-6.961943199218487e-13-4.955656442145209e-12j),(1.0714829827100744e-06+1.3907994925988484e-06j)
1.78,(-7.991677563045722e-16-1.3399628745308651e-14j),(1.8902979154056998e-05+0.0002884840239631142j),(-1.8619411875788877e-08+8.652901795150582e-09j),(-1.5878856525121853e-06-1.5368085751477566e-06j),(3.468197390355268e-13-2.229749248860137e-12j),(2.174278368288179e-07+2.468173950492496e-07j)
1.79,(-2.313251122145038e-16-3.960884195791059e-15j),(0.0001279469402672036+0.0003824550847777689j),(-2.849968017822324e-08+1.9918782759761175e-08j),(-1.9920921440578407e-06-5.249524813905243e-07j),(6.253887932756694e-13-8.311664537035049e-13j),(1.7856588937531744e-08+6.686825296066061e-09j)
1.8,(-3.3697980043049e-16-1.866418212575532e-15j),(0.0003122403300616532+0.0004669465186937969j),(-4.053799885795323e-08+4.245764074938227e-08j),(-1.8387235664252694e-06+5.151684137915354e-07j),(3.294023221658766e-13-3.028532440383392e-13j),(-1.4235798925059986e-08-6.0999150270016065e-09j)
1.81,(-1.3332789259116957e-16-5.698902753438653e-16j),(0.0005956881011382801+0.000508236224530625j),(-5.2012634229313544e-08+8.464808513897186e-08j),(-1.2126069406989341e-06+1.2769636372988526e-06j),(1.8520859813567288e-13-5.83974943286755e-14j),(-5.721653542849792e-08-2.1270789058576135e-08j)
1.82,(-6.661664524926737e-17-2.0723225874688321e-16j),(0.0009942960622779469+0.0004491686536536156j),(-5.3383535838591474e-08+1.5878005951304253e-07j),(-3.264334263532808e-07+1.5805215540595657e-06j),(7.04658711274398e-14+9.884543282893725e-15j),(7.56484329508349e-08+3.1465657003912464e-08j)
1.83,(-2.3292248411187767e-17-5.651344246680436e-17j),(0.0015040083135394256+0.00020219127132893694j),(-2.2867732201595864e-08+2.816691110064656e-07j),(5.160921249311561e-07+1.377501296029989e-06j),(2.5453959769834977e-14+1.6060836353694733e-14j),(-1.9865572954778774e-08-1.1860219034886386e-10j)
1.84,(-9.608423069142557e-18-1.9483409013491277e-17j),(0.0020806093014196963-0.00034284974973820137j),(8.223638019753017e-08+4.6771813584311586e-07j),(1.0710880938319114e-06+7.898533759266127e-07j),(2.163628936073852e-15+9.017579963700208e-15j),(-1.0583377253500605e-07-5.3825619270933e-09j)
1.85,(-2.9512775084166513e-18-4.526779152868727e-18j),(0.002605712949973783-0.001317288673604253j),(3.4452361573018295e-07+7.181774167150187e-07j),(1.1933555515550049e-06+6.056431121867577e-08j),(-1.6342396505415676e-16+3.806006092331929e-15j),(-1.0038531000648786e-06-5.659742575758409e-08j)
1.86,(-1.0543896944187453e-18-1.404448774071125e-18j),(0.0028709879764906012-0.002833375920629555j),(8.884680849630644e-07+9.900520857793535e-07j),(9.06714639030083e-07-5.499539202379601e-07j),(-1.040544138463161e-15+4.912033841006496e-16j),(7.196149804415628e-07+4.8243712368346563e-08j)
1.87,(-2.6303161450075375e-19-2.6241958337357562e-19j),(0.0025337711098059722-0.004932728593972758j),(1.900672367806549e-06+1.1309392784944464e-06j),(3.8101640981228337e-07-8.533140901722729e-07j),(-3.999449082294932e-16+7.11415793257466e-17j),(2.234602377863683e-07+5.406806817208101e-09j)
1.8800000000000001,(-6.926564347082218e-20-5.605903275535776e-20j),(0.0011450997218918897-0.007503540284744773j),(3.5614787133041385e-06+7.981447942702587e-07j),(-1.5665429074683317e-07-7.954011620870912e-07j),(-9.408957914435797e-17-7.938617817627443e-17j),(2.656987714527252e-07+1.2324679877060262e-07j)
1.8900000000000001,(-1.5034288218900506e-20-9.461592321599998e-21j),(-0.0018014953679448423-0.010164634374850112j),(5.953205653914817e-06-6.546069718152363e-07j),(-5.018419550781075e-07-4.6772795681777713e-07j),(4.1251383330093624e-18-4.2686147497117047e-17j),(5.600206315538757e-06+3.0840954806914368e-06j)
1.9000000000000001,(-3.0954482329779264e-21-1.4116211304209645e-21j),(-0.006769803803734681-0.012144652131326823j),(8.771270411508248e-06-4.271258905610576e-06j),(-5.64952294952373e-07-6.48832737046503e-08j),(1.2992341022824331e-17-5.871661809462751e-18j),(2.545377278758547e-07+7.067568714630691e-08j)
1.9100000000000001,(-6.2285485481896295e-22-1.7449223007636018e-22j),(-0.013906177328129765-0.012476138545032583j),(1.0895909149161873e-05-1.1412429240444761e-05j),(-3.9470160242810363e-07+2.3299656587670016e-07j),(3.507350783411478e-18+2.9654017003041688e-18j),(-6.551485712603295e-06-3.58784833627826e-06j)
1.92,(-1.2402678616293752e-22-1.187052510578529e-23j),(-0.02323256284747-0.009378836214031553j),(9.765884881248374e-06-2.3374731769418515e-05j),(-1.3007282012857755e-07+3.31164877666907e-07j),(-4.85500460474415e-19+1.3644719339217181e-18j),(-6.681156742564562e-08-1.3176618046367437e-06j)
1.93,(-2.4669459431738105e-23+2.6421546800368135e-24j),(-0.033120194715799085-0.0013597482556570388j),(7.553931048599116e-07-4.034992809269677e-05j),(8.095013063349667e-08+2.4899780593408024e-07j),(-4.518702753293288e-19-3.228415393716235e-20j),(7.246370687160498e-07-9.488693630555756e-06j)
1.94,(-4.913667785833754e-24+1.7026428251762552e-24j),(-0.041483624392355756+0.01333157130311357j),(-2.2951053075987108e-05-5.948441438903929e-05j),(1.544710526409681e-07+8.769911867850694e-08j),(-1.5350062993049432e-20-1.4202273511676943e-19j),(8.418379287869001e-07-1.3319598956264424e-05j)
1.95,(-9.705681891487522e-25+6.422097359128345e-25j),(-0.04493724215843053+0.03492443401615753j),(-6.910982786215256e-05-7.205904041065626e-05j),(9.939926137569163e-08-3.76083237378509e-08j),(4.535193938042216e-20-9.023565960930421e-21j),(-2.1940159511416316e-06+2.577689431698021e-05j)
1.96,(-1.8363493180643094e-25+2.1249706200885385e-25j),(-0.03911277680139489+0.06274719257810854j),(-0.00014262809284919389-6.0524399557537635e-05j),(-6.5959737075532755e-09-6.103379973215424e-08j),(3.1039761523021597e-21+1.5355423497294407e-20j),(2.784526390443044e-07+1.4922426058359977e-07j)
1.97,(-2.987257446150613e-26+6.71419769088435e-26j),(-0.019315923144969913+0.09319977605112287j),(-0.00023819465726903586+2.7892267514004345e-06j),(-7.299241643216034e-08+7.931826272495896e-09j),(-5.619001739314796e-21+7.02816903775729e-22j),(5.369113789681496e-07-1.4614858724604356e-06j)
1.98,(-2.222452957689106e-27+2.076857547456485e-26j),(0.018568184730220625+0.11988133798756731j),(-0.0003293926374541171+0.00015194467056797286j),(-4.9698402410432384e-08+1.0305777199765203e-07j),(4.132213284608477e-23-2.2229500059992987e-21j),(1.4368494132645974e-06-5.253152166450487e-06j)
1.99,(1.41055304635527e-27+6.285535919274246e-27j),(0.07491970514562307+0.13387324389288083j),(-0.00035704552505322416+0.0004143634032644914j),(5.005019555180721e-08+1.4779209932093133e-07j),(9.401195231952802e-22+2.0812921661212277e-22j),(-2.433321951828412e-06+7.594505464327494e-06j)
2.0,(1.1433007212899404e-27+1.8199301760686965e-27j),(0.14684695908870862+0.12378316125713078j),(-0.00022373252921275392+0.0007851241913176738j),(1.6450281938426725e-07+1.0057139233498104e-07j),(-2.0726318082553987e-22+4.169498276630414e-22j),(1.1272233708339941e-07+3.735265214028509e-07j)
