t,z_0000_00,z_0001_00,z_0002_00,z_0003_00,z_0004_00,z_0005_00,z_0006_00,z_0007_00,z_0008_00,z_0009_00,z_0010_00
0.0,0j,(-0.28837255470631284+0.6688682410634075j),(-1.0895247753218447-0.20722969933270044j),(0.7791434557691416+1.6400178529080707j),(0.10049152290790132+0.4930856360885578j),(0.5268130634442254+0.8343481810977934j),(-0.8330902673500404+0.0023730449988182455j),(1.3439010833959255-0.06731230967086249j),(1.1219627018317133-2.4291089996340327j),(-1.399197565858858+0.4439040420497435j),(1.4813674056381114+0.6768847085091895j)
0.01,(-0.0038532687785918056-0.015258408880459096j),(-0.2887042011552616+0.668816362731529j),(-1.0894818200590268-0.2072475528388848j),(0.7791683229398931+1.6400390324083687j),(0.1007139035214547+0.4929241594755178j),(0.5269719931438862+0.834375322009776j),(-0.8330043369966991+0.0023313241400161637j),(1.3438817689771534-0.06734364894916016j),(1.1219569908437184-2.4291046737602007j),(-1.399192811987989+0.4438690353652953j),(1.4813848569785777+0.6768569384070579j)
0.02,(-0.007559841030063684-0.030472381432081055j),(-0.28973903685358443+0.6687302193559159j),(-1.0893503433956409-0.20731765876664368j),(0.779250163350603+1.6401013285505845j),(0.10136871964800825+0.4923919033597921j),(0.5274702520646793+0.8344368314329522j),(-0.8327435037872002+0.002175823770144196j),(1.3438156332971403-0.0674412151040475j),(1.1219394959536697-2.4290896405007243j),(-1.3991864934993419+0.44375787742181927j),(1.4814359730545867+0.676766285986173j)
0.03,(-0.011146569428584815-0.04562774359880192j),(-0.29149855671572916+0.6687181189099084j),(-1.0891306790891564-0.2074678663744149j),(0.7793992816396845+1.640200917111145j),(0.10241528893197202+0.49142398949392446j),(0.5283352067560206+0.8344977300535926j),(-0.8323125469452609+0.0018573911471959012j),(1.3436896798247875-0.06760812393693046j),(1.1219101655938355-2.4290607530791397j),(-1.3991930422870646+0.44356381498680075j),(1.4815169895938158+0.6766021692637195j)
0.04,(-0.01464050180095942-0.06070906253165908j),(-0.29397484314816535+0.6688738075390708j),(-1.0888284370161736-0.20772552476946624j),(0.7796242835732151+1.640333311877211j),(0.10380128413556344+0.48997149702974824j),(0.5295864417659462+0.8345253334752408j),(-0.8317238849008243+0.0013310841564732208j),(1.3434916196702245-0.06784626916036977j),(1.1218693158552713-2.42901504260029j),(-1.399226878196625+0.4432834190648389j),(1.481623582271687+0.6763553579149731j)
0.05,(-0.018068489141903326-0.07569927597276657j),(-0.29713484714029426+0.6692728888334754j),(-1.0884543739813535-0.20811666217205577j),(0.7799319077099481+1.6404937567599962j),(0.10546607711375451+0.4880027151041922j),(0.5312355176111357+0.8344910621042391j),(-0.8309966045299465+0.0005578007493776658j),(1.3432101774373877-0.06815670272476247j),(1.1218175677716027-2.4289497600383565j),(-1.399301781297679+0.4429165549402212j),(1.4817512730038438+0.6760181012293924j)
0.06,(-0.02145718561404395-0.09057969225531518j),(-0.3009203882644487+0.6699728238277031j),(-1.0880243937174165-0.20866598591543165j),(0.7803270254013132+1.6406772257947666j),(0.10734073881427174+0.48550314283928014j),(0.5332859707769131+0.8343704411497288j),(-0.8301564611547977-0.0004957210565896828j),(1.3428350912240217-0.06853963481834177j),(1.1217558473190266-2.4288623762368546j),(-1.3994308918840692+0.4424663821769227j),(1.4818954299461518+0.6755841281106186j)
0.07,(-0.024833039958966945-0.10532995283542042j),(-0.3052481847998409+0.6710129550137183j),(-1.0875594476442507-0.20939683072801274j),(0.7808126208534348+1.6408784536648295j),(0.10934801533978156+0.4824754804759754j),(0.5357332792023056+0.8341432027416352j),(-0.829235757957348-0.0018569132400792928j),(1.3423571662616631-0.06899449216293714j),(1.1216853730269962-2.4287505857872094j),(-1.3996266751949142+0.44193932022312377j),(1.482051324793544+0.6750486682642144j)
0.08,(-0.028218961320259313-0.1199263395804065j),(-0.3100192838528423+0.672412761890522j),(-1.0870768513551785-0.21032587713525214j),(0.7813879770630178+1.6410948156191647j),(0.11140742453215041+0.4789371880351492j),(0.5385618603977459+0.8338020406048049j),(-0.8282612368632842-0.003546880797643947j),(1.341773114407195-0.0695252170719501j),(1.121606508994742-2.428612700838139j),(-1.3998972027492498+0.44134188968732657j),(1.4822193650459925+0.6744103568124911j)
0.09,(-0.03162977939987227-0.1343534490543285j),(-0.3151401222145951+0.6741640470298044j),(-1.0866070523080402-0.21146992204353157j),(0.7820526513269337+1.6413211326334884j),(0.113461546153546+0.4749131283502445j),(0.5417535613442489+0.8333321017790991j),(-0.827270246863798-0.005575245371134746j),(1.341075834267247-0.07012958666220574j),(1.1215209050561226-2.4284471029870054j),(-1.4002509534907461+0.4406858334702242j),(1.482394729868755+0.6736672379652655j)
0.1,(-0.03507822037350423-0.14860017082603152j),(-0.32052323770938634+0.6762502479040997j),(-1.0861868864268933-0.21284395880598064j),(0.7828064738937086+1.6415504137173607j),(0.11546465744298069+0.47043154624908456j),(0.5452892760423282+0.8327140390142349j),(-0.8263055998379876-0.007943927411520769j),(1.3402561594523965-0.07080069234549909j),(1.121431110261146-2.4282523393503253j),(-1.4006964901304138+0.4399856307310954j),(1.4825688844011462+0.6728172575499536j)
0.11,(-0.03857575724010249-0.16265529228509767j),(-0.32608766092666913+0.6786522400682494j),(-1.085849880785728-0.21445657957748815j),(0.7836477851398358+1.6417766065590105j),(0.11737670333337374+0.46552338235068697j),(0.549146037708227+0.8319335906859602j),(-0.8254046988032041-0.01064898298163431j),(1.3393078230531756-0.07153227128595462j),(1.121339438561274-2.4280274624702924j),(-1.401239480951772+0.43925517076331266j),(1.4827348187971972+0.6718602028854445j)
0.12,(-0.0421326098218633-0.17650749864184612j),(-0.3317589152210628+0.6813483371594027j),(-1.0856262536084678-0.21630997531470225j),(0.7845734355697764+1.6419945975253358j),(0.11916329645155141+0.46022227306526414j),(0.5532970187739186+0.8309815807960538j),(-0.8245995379150516-0.013680603756170888j),(1.3382274576400706-0.07231870640002624j),(1.12124796880942-2.4277720303147774j),(-1.4018826998108493+0.43850775299434225j),(1.4828870482256564+0.6707977027821006j)
0.13,(-0.04575774476423182-0.19014537292733308j),(-0.33746901671235285+0.6843142908970158j),(-1.0855429142689694-0.2183999357760304j),(0.785578785815959+1.6422002116619032j),(0.1207957171182468+0.4545645505942232j),(0.5577115308871059+0.8298539189723252j),(-0.8239167024673867-0.01702311702168924j),(1.3370145952635222-0.07315502635649732j),(1.1211585447599497-2.4274861062773287j),(-1.4026260261361836+0.437756086985744j),(1.4830216128699885+0.6696332275417578j)
0.14,(-0.04945887553590214-0.20355739599335176j),(-0.3431564742854909+0.687523291082853j),(-1.0856234632910224-0.2207158495216394j),(0.7866577066387792+1.642390212692948j),(0.12225091334809998+0.4485892429301657j),(0.562355024911222+0.828551600468615j),(-0.8233773688923188-0.020654985676611316j),(1.3356716674539264-0.0740369055764806j),(1.1210727750686817-2.4271702591771716j),(-1.4034664449288214+0.4370122924331717j),(1.483136077928375+0.668372088957725j)
0.15,(-0.053242462428817236-0.2167319465124325j),(-0.3487662895905947+0.6909459656009856j),(-1.0858881923483494-0.2232407039134553j),(0.7878025789266008+1.6425623030213738j),(0.12351150084965792+0.4423380738568882j),(0.5671890909254296+0.8270807061647946j),(-0.8229973047602106-0.024548808231222293j),(1.334204005221633-0.07496066423341828j),(1.1209920332928869-2.4268255632592086j),(-1.4043980467623185+0.43628789916637273j),(1.4832295336137147+0.6670214403147847j)
0.16,(-0.05711371255816905-0.2296573009778426j),(-0.3542499570429482+0.6945503804177926j),(-1.0863540842646064-0.2259510851151635j),(0.7890042936957546+1.6427151237287538j),(0.12456576302537453+0.4358554629493816j),(0.5721714582246215+0.8254524025667662j),(-0.8227868687796769-0.028671318807670564j),(1.3326198390569468-0.07592326825308203j),(1.1209174578912884-2.426453598194019j),(-1.40541202778274+0.43559384714918825j),(1.4833025951536223+0.6655902763891924j)
0.17,(-0.06107657986239841-0.24232163370358645j),(-0.3595654638230016+0.6983020395819604j),(-1.0870348130133818-0.2288171780922087j),(0.7902522520905394+1.6428482545753291j),(0.12540765097161063+0.42918852557383147j),(0.5772559953194202+0.8236829418064631j),(-0.8227510107975858-0.03298338713996775j),(1.3309302989301273-0.07692232931357287j),(1.120849952224062-2.426056449077861j),(-1.40649668970866+0.43494048647955313j),(1.48335740279043+0.6640894334486771j)
0.18,(-0.0651326097996957-0.25471469033706j),(-0.3646806146128011+0.7021656496884687j),(-1.0879397666129857-0.23180585478993643j),(0.7915352771069065+1.6429615122486807j),(0.12603784543594598+0.4223830750499365j),(0.5823960594623058+0.821789111922797j),(-0.8228901532031858-0.03744383586585083j),(1.3291494255678729-0.07795677912925936j),(1.120789973877204-2.4256366229072595j),(-1.407639231788475+0.43433669593613755j),(1.4833973764709232+0.6625312441425466j)
0.19,(-0.06927541485074235-0.26684187617206656j),(-0.36959309631385934+0.7061221900512931j),(-1.089064860809136-0.2349033255720402j),(0.7928496428287749+1.64305061238797j),(0.1264696245858534+0.4154550513983574j),(0.5875717310708782+0.8197581457696753j),(-0.8232073004277413-0.04203763073646106j),(1.3272858855860479-0.07902706240729106j),(1.120737127015263-2.4251956922704268j),(-1.4088388603805901+0.4337830190573042j),(1.4834220475773312+0.6609228208734441j)
0.2,(-0.0735053546927997-0.27870770278337625j),(-0.37429003807315375+0.7101548609108823j),(-1.0904025615248754-0.23808586254670164j),(0.7941909978363206+1.6431148190722384j),(0.1267130780884396+0.4084316042952427j),(0.5927587124221951+0.817596223964645j),(-0.8237012547378859-0.04673871027247776j),(1.3253366086389209-0.08012475277033096j),(1.1206931732290895-2.4247345184749607j),(-1.410089155819388+0.43328089165325545j),(1.4834270115994002+0.6592663147775476j)
0.21,(-0.07782357342238845-0.2903153087481825j),(-0.3787575862081356+0.71424685429415j),(-1.0919446466088363-0.24132758319200756j),(0.7955542060185646+1.6431543142969596j),(0.12677665595328466+0.40134235162213305j),(0.5979314400624675+0.8153147737607925j),(-0.8243688881759873-0.051518251925164425j),(1.323299560977079-0.0812410765393795j),(1.1206599221439004-2.4242541616866182j),(-1.4113820545823828+0.4328321343180003j),(1.4834085793747518+0.6575645309149822j)
0.22,(-0.0822302049999831-0.3016682100031657j),(-0.38298541617116005+0.7183829747349642j),(-1.0936813730834516-0.2446043406473334j),(0.7969342842243926+1.6431692195823429j),(0.12666856243590893+0.39421436853995345j),(0.6030668616375688+0.8129244217108266j),(-0.825206216726562-0.056349397652016436j),(1.3211749382976419-0.08236840966983235j),(1.120638813948237-2.4237558798224668j),(-1.4127100804696713+0.43243795675396735j),(1.4833639499149796+0.6558210888855539j)
0.23,(-0.08672437325001192-0.3127702998444929j),(-0.3869667325494866+0.7225496392741472j),(-1.0956014771449554-0.24789372371334323j),(0.7983264022625554+1.6431595959733352j),(0.12639675603777314+0.38707218748901345j),(0.6081444358930356+0.8104349936670788j),(-0.8262084003162754-0.061207253916760955j),(1.3189651657442611-0.08350027775148057j),(1.1206309193939643-2.4232411285508864j),(-1.414066344603932+0.43209895777200524j),(1.4832912104056468+0.6540404228287484j)
0.24,(-0.09130419186085692-0.3236258489278181j),(-0.39069826906527877+0.7267348774594765j),(-1.0976921741633818-0.25117505685198954j),(0.7997258829016684+1.6431254440396195j),(0.12596894950627838+0.37993779818900714j),(0.6131461326740663+0.8078555147815031j),(-0.827369742813942-0.06606889168935703j),(1.316674897907121-0.08463135600851046j),(1.1206369397962714-2.422711561291569j),(-1.415444545430426+0.4318151252913824j),(1.4831893362062882+0.6522277814237322j)
0.25,(-0.09596676438485399-0.3342395052682821j),(-0.3941802885756043+0.7309283313456842j),(-1.0999391586825664-0.2544294001865136j),(0.8011282018702123+1.6430667038756164j),(0.12539260983476605+0.37283064763901297j),(0.618056432925522+0.8051942095056757j),(-0.8286836920305253-0.07091334644599558j),(1.3143110188229377-0.08575746929950362j),(1.1206572070336722-2.4221690292155174j),(-1.416838968716996+0.4315858363397868j),(1.4830581908504092+0.6503892278893515j)
0.26,(-0.10070818423829275-0.34461629424051243j),(-0.397416583072435+0.7351212554944568j),(-1.1023266044201447-0.2576395495014451j),(0.8025289878565327+1.6429832551004826j),(0.12467495826251793+0.365767640117494j),(0.6228623286919267+0.8024585015907953j),(-0.8301428397191377-0.07572161816909931j),(1.3118826419749596-0.08687559211743698j),(1.120691683548004-2.4216155812450464j),(-1.4182444875540672+0.4314098570533265j),(1.482898526045486+0.6485316399841332j)
0.27,(-0.10552353470141662-0.3547616185786236j),(-0.400414473682647+0.7393065169744358j),(-1.1048371642675539-0.26079003624260233j),(0.8039240225088401+1.6428749168581123j),(0.1238229702747561+0.3587631371822976j),(0.6275533231174663+0.7996550140876837j),(-0.8317389215750406-0.08047667134732281j),(1.3094011102929681-0.08798384858968274j),(1.120739962344429-2.421053464053783j),(-1.4196565623546467+0.43128534267652935j),(1.482711981672966+0.6466627100062846j)
0.28,(-0.11040688891842282-0.3646812583762167j),(-0.4031848106680204+0.7434785953612171j),(-1.107451970290031-0.2638671275170923j),(0.8053092404352099+1.6427414478171358j),(0.12284337560264301+0.3518289576706558j),(0.6321214304459895+0.7967895693467841j),(-0.8334628172356444-0.08516343497555251j),(1.306879996153276-0.08908151247800841j),(1.1208012669914325-2.420485122066666j),(-1.4210712408543236+0.4312098375623429j),(1.4825010857882668+0.6447909447936929j)
0.29,(-0.11535130989746234-0.3743813710863799j),(-0.4057419734252396+0.7476335827373511j),(-1.1101506337266145-0.26685882609331046j),(0.8066807292035825+1.6425825461709205j),(0.12174265822328147+0.34497437769918493j),(0.6365611760210075+0.7938671890181632j),(-0.8353045502805087-0.08976880255490668j),(1.304335101378729-0.09016900717857679j),(1.1208744516208249-2.419913197459944j),(-1.4224851581112696+0.43118027517213453j),(1.4822692546207772+0.6429256657239258j)
0.3,(-0.12034885051064001-0.3838684915216881j),(-0.408103870485893+0.7517691836923435j),(-1.112911244990143-0.26975487040094087j),(0.8080347293417631+1.6423978496375706j),(0.12052705635971458+0.3382061306638859j),(0.640869596285694+0.7908920940515096j),(-0.8372532882313417-0.09428163209273548j),(1.3017844572387045-0.091247905721946j),(1.1209580009277407-2.41934053016118j),(-1.423895536506238+0.43119297807569146j),(1.4820207925738569+0.6410770087142312j)
0.31,(-0.12539483527377818-0.3931505611699912j),(-0.41027999197853215+0.7558815551156461j),(-1.1157171081497343-0.2725484135022497j),(0.8093694636012675+1.6421870338172482j),(0.11920168031030086+0.3315288660561065j),(0.6450453515995499+0.7878675011501317j),(-0.8393012070497441-0.09869201379596461j),(1.299236291408367-0.0923165967156417j),(1.1210515772982768-2.418769123856323j),(-1.4253000333236028+0.43124556524464835j),(1.481756093224319+0.6392500165571692j)
0.32,(-0.13049041255699842-0.4022409416127037j),(-0.4122573345327584+0.7599630880886924j),(-1.1185666676490302-0.27523957357813844j),(0.8106868733614326+1.6419510536909643j),(0.11777087637837713+0.3249467210515893j),(0.64908698047258+0.7847975980648639j),(-0.8414474105865074-0.10299181366559694j),(1.2966717768647786-0.09336654428805388j),(1.1211576072004494-2.4181979168335346j),(-1.4266967132623596+0.43133889635522416j),(1.481467440081544+0.6374360977980494j)
0.33,(-0.1356287651400815-0.4111538976534104j),(-0.41404090965799817+0.7640126907132712j),(-1.1214507618149105-0.2778283273512313j),(0.8119861185663525+1.641691535470198j),(0.11624083653391419+0.31846266406321566j),(0.652994769417852+0.7816879380951623j),(-0.8436851836307071-0.10717623707725848j),(1.29408732671677-0.09439693209290816j),(1.1212760266878186-2.417626514968611j),(-1.4280843484356227+0.4314708413656282j),(1.481155383371776+0.6356339562045354j)
0.34,(-0.14080381907886122-0.4199031941824011j),(-0.41563635606370375+0.7680296972261594j),(-1.1243608167358945-0.2803148563280575j),(0.813266421051763+1.6414098310090843j),(0.11461693557011812+0.3120788088340517j),(0.6567694072374616+0.7785431383465728j),(-0.846008341045321-0.11124108056642505j),(1.2914804738905143-0.09540719281831511j),(1.121406724252614-2.417054653909493j),(-1.429461948970389+0.43163943984001013j),(1.4808206067986098+0.6338428099571553j)
0.35000000000000003,(-0.14601062270876564-0.42850212255500486j),(-0.41704901150880835+0.7720135945491364j),(-1.1272893370546206-0.2826996412562259j),(0.8145272114865391+1.6411070048809695j),(0.11290363666225484+0.30579643933679296j),(0.6604119196940876+0.7753668251723168j),(-0.8484115409660933-0.115182645194644j),(1.2888489977671533-0.09639664852851068j),(1.1215496648629033-2.416482137083771j),(-1.4308287471249717+0.4318430557888377j),(1.480463531399323+0.632061965212731j)
0.36,(-0.1512453466448171-0.43696350059159095j),(-0.41828391280172594+0.7759640222889834j),(-1.130229905967845-0.2849834621244242j),(0.8157681293726936+1.6407838343784116j),(0.11110449136765008+0.2996160097737643j),(0.6639236695109919+0.7721616341732919j),(-0.8508902848015341-0.11899773654953413j),(1.2861909241827967-0.09736451066385614j),(1.12170488996259-2.4159088356986866j),(-1.4321841972890006+0.432080377668897j),(1.4800843155448764+0.6302908161043798j)
0.37,(-0.15650528378163225-0.44529967257756825j),(-0.4193457958003516+0.7798807727374845j),(-1.1331771852264425-0.2871673981624198j),(0.8169890230453791+1.6404408095131788j),(0.10922213962568939+0.29353714457692j),(0.6673063563720191+0.7689292101980713j),(-0.85344091723292-0.12268366474478593j),(1.2835045254285224-0.0983098800408381j),(1.121872517471416-2.4153346887411353j),(-1.433527975983422+0.4323504183832922j),(1.4796828549399144+0.6285288447415134j)
0.38,(-0.16178884929342194-0.4535225092633854j),(-0.42023909541206095+0.7837637908714254j),(-1.1361269151354065-0.2892528278410591j),(0.8181899496728862+1.6400781330162517j),(0.10725830975781815+0.2875586384078437j),(0.670562016921597+0.7656702073429044j),(-0.8560606262142935-0.12623824442016124j),(1.2807883202503763-0.09923174685206851j),(1.122052741784959-2.4147597029776624j),(-1.4348599818604995+0.4326525152814457j),(1.479258782622764+0.6267756212098379j)
0.39,(-0.16709558063399127-0.46164340786453084j),(-0.4209679455937107+0.7876131743525948j),(-1.1390759145538492-0.2912414288722679j),(0.8193711752566446+1.6396957203378217j),(0.10521381846754159+0.2816784561577485j),(0.6736930247647361+0.7623842889517161j),(-0.8587474429724632-0.12965979474149356j),(1.2780410738493724-0.10012899066628468j),(1.1222458337746346-2.414183952954466j),(-1.436180335703813+0.4329863301590982j),(1.478811468965436+0.6250308035713542j)
0.4,(-0.17242613753673972-0.4696732920615328j),(-0.4215361793516384+0.7914291735277831j),(-1.1420220808950003-0.2931351782090511j),(0.8205331746312226+1.6392931996472915j),(0.10308857084042469+0.27589373294747693j),(0.6767020904670303+0.7590701276161076j),(-0.8615002420070039-0.13294713940068784j),(1.2752617978814933-0.10100038042834923j),(1.1224521407876948-2.4136075809973945j),(-1.4374893804282594+0.43335184925830855j),(1.4783400216736242+0.6232941378643578j)
0.41000000000000003,(-0.1777823020146609-0.4776226119999592j),(-0.42194732874166235+0.7952121914287833j),(-1.144964390126209-0.29493635204549307j),(0.8216766314643271+1.638869911833275j),(0.10088156034409235+0.2702007741275009j),(0.679592261554656+0.7557254051753558j),(-0.8643187410902567-0.13609960661572054j),(1.2724497504576893-0.10184457445925016j),(1.1226720866472295-2.413030797211949j),(-1.4387876810800515+0.4337493832674539j),(1.4778432857867057+0.6215654581034388j)
0.42,(-0.18316697836034274-0.48550134429041775j),(-0.4222046248690819+0.7989627837723906j),(-1.1479028967689424-0.29664752581675735j),(0.8228024382568042+1.6384249105035973j),(0.0985908688282292+0.26459505527792165j),(0.6823669225143728+0.7523468127164136j),(-0.8672035012673286-0.13911702913063972j),(1.269604436143879-0.10266012045610076j),(1.1229061716521649-2.412453879483282j),(-1.44007602483672+0.43417956732122936j),(1.4773198436777406+0.6198446862794817j)
0.43,(-0.18858419314596747-0.4933189920085561j),(-0.42231099788867715+0.8026816589604026j),(-1.1508387338987864-0.29827157419908673j),(0.8239116963426382+1.6379569619852954j),(0.09621366652457974+0.2590712222084699j),(0.6850297947935232+0.7489300505739094j),(-0.8701559268560929-0.1419997442155649j),(1.266725605960949-0.10344545549213974j),(1.1231549725772647-2.411877173476197j),(-1.4413554210071113+0.43464336100064854j),(1.4767680150534725+0.618131832359666j)
0.44,(-0.1940390952233116-0.5010845846950615j),(-0.422269077004709+0.806369678079619j),(-1.1537741131454449-0.2998116711098034j),(0.8250057158889524+1.6374645453246166j),(0.09374621204694829+0.2536230909585058j),(0.6875849368000327+0.7454698283301481j),(-0.8731782654471889-0.14474859366668724j),(1.2638132573847543-0.10419890601673108j),(1.1234191426731293-2.411301092635151j),(-1.442627101031389+0.43514204833304315j),(1.476185856954328+0.6164269942874653j)
0.45,(-0.19953795572374577-0.508806678355661j),(-0.4220811904709194+0.810027854901842j),(-1.1567123246927404-0.3012712897073086j),(0.8260860158960089+1.6369458522870202j),(0.09118385239119897+0.24824364779701882j),(0.69003674390241+0.7419598648151099j),(-0.8762736079040223-0.14736492380626925j),(1.2608676343461176-0.10491868785536412j),(1.1236994116661962-2.4107261181842503j),(-1.4438925184810332+0.4356772377920631j),(1.475571163754417+0.6147303579826483j)
0.46,(-0.20508816805823507-0.5164933554611214j),(-0.421749365590531+0.813657355883876j),(-1.1596577372786143-0.30265420239108304j),(0.8271543241972084+1.6363987873571766j),(0.08852102293525574+0.2429250492226278j),(0.6923899484297461+0.7383928881064514j),(-0.8794458883627647-0.1498505854826451j),(1.2578892272308304-0.10560290620965357j),(1.1239965857587404-2.4101527991272538j),(-1.4451533490588406+0.4362508622976765j),(1.474921467161533+0.613042197341278j)
0.47000000000000003,(-0.2106946183170133-0.5241502733244984j),(-0.42127648133004236+0.8172594163863646j),(-1.1626142630561307-0.3039640652323985j),(0.8282125166230407+1.6358217506412867j),(0.085753279319543+0.23765965789133936j),(0.6946498380214625+0.7347623879056207j),(-0.8826973001576219-0.15220859338234927j),(1.2548776705538198-0.10625273881310868j),(1.1243109699390763-2.4095815074990137j),(-1.446411052296458+0.4368642209799665j),(1.4742352830964525+0.6113624743585222j)
0.48,(-0.21634345821637355-0.5317742211564808j),(-0.420668507999384+0.8208345120935173j),(-1.1655774145824875-0.3052005941436369j),(0.8292613412830604+1.6352180135202767j),(0.08288727944425642+0.23244816872967022j),(0.6968198077221983+0.7310732531351176j),(-0.8860153033095762-0.15444238591846485j),(1.2518222388882798-0.10688721685467016j),(1.1246397708514395-2.4090104750695827j),(-1.4476639740675052+0.4375136400029253j),(1.473518211095284+0.6096874291648816j)
0.49,(-0.22204889331222738-0.5393792974449659j),(-0.4199178339754859+0.8243826618534985j),(-1.1685529006081832-0.3063632252224986j),(0.8303003760341878+1.6345862686877204j),(0.07991534362194068+0.22728918705101284j),(0.6988959429419364+0.7273215032318261j),(-0.8894045430966059-0.15654436579105935j),(1.2487130837441083-0.10750211110586892j),(1.1249846071192593-2.408438416836146j),(-1.448912153365968+0.43820273576655167j),(1.472767167417046+0.6080137616306295j)
0.5,(-0.22783034726694906-0.5469804430707953j),(-0.41901537387035076+0.8279031861566316j),(-1.17154827141964-0.30745132754432775j),(0.8313291269431428+1.633924188622963j),(0.07682692544451103+0.22218063989969294j),(0.7008736539841481+0.7235011879162785j),(-0.8928725203584359-0.158505563552458j),(1.2455418098250188-0.10808863881880995j),(1.1253479679165534-2.4078644494456563j),(-1.4501558814363733+0.43893642579110626j),(1.4719773350256553+0.6063388555726039j)
0.51,(-0.2337063020715095-0.5545897634923835j),(-0.4179529652099067+0.8313946083367005j),(-1.1745704502402194-0.30846377108219486j),(0.8323470665387024+1.6332296267988835j),(0.07361193415520662+0.2171210441987033j),(0.7027485404483574+0.7196069665848341j),(-0.8964253984950157-0.160317280325172j),(1.2423002900415776-0.10863876105671345j),(1.1257322384592932-2.407287807774674j),(-1.4513950865398828+0.4397193080344631j),(1.4711441992203906+0.6046603473729737j)
0.52,(-0.23969429804547626-0.5622165287457181j),(-0.4167233684340068+0.8348546545709492j),(-1.177625733230224-0.30939892670689695j),(0.8333536338117016+1.6325006176818961j),(0.07026073464859038+0.21210950674970344j),(0.7045163912301405+0.7156341083096789j),(-0.9000680034665193-0.1619710878018982j),(1.2389806655112037-0.10914518269391481j),(1.1261397000054032-2.406707844929366j),(-1.4526293339542924+0.4405556608921096j),(1.470263547635892+0.6029761259792386j)
0.53,(-0.24581093383701372-0.5698671734443591j),(-0.41532026689642937+0.8382802538800821j),(-1.1807197894868944-0.3102546661869573j),(0.8343482342150322+1.6317353767319491j),(0.06676414747054919+0.20714572423302002j),(0.7061731845211262+0.7115784918388248j),(-0.903803823793345-0.1634588282455194j),(1.2355753455581673-0.10960135241586462j),(1.126572529854762-2.406124032245504j),(-1.4538578259740322+0.4414494431971468j),(1.4693314702421614+0.601284332904229j)
0.54,(-0.2520718664228827-0.5775452967794394j),(-0.41373826686487786+0.8416675381282637j),(-1.1838576610444116-0.31102836218862556j),(0.8353302396636443+1.6309323004025245j),(0.06311344881829375+0.2022299832076465j),(0.7077150878089954+0.7074366055961112j),(-0.9076350105561158-0.16477261448910424j),(1.2320770077135919-0.11000146271912868j),(1.1270328013492013-2.405535959288469j),(-1.4550794019101665+0.4424042942202887j),(1.4683443593445618+0.5995833622261069j)
0.55,(-0.258491811108441-0.5852516625196649j),(-0.4119728975209809+0.8450118420231191j),(-1.187043762873896-0.3117168882758778j),(0.8362989885345448+1.630089966140639j),(0.05930037054035862+0.1973631601112434j),(0.7091384578774818+0.7032055476812034j),(-0.9115623773956795-0.16590482993590702j),(1.2284785977154526-0.11034044991138799j),(1.1275224838725069-2.4049433338532453j),(-1.456292538090394+0.443423533669863j),(1.4672989095838185+0.5978718605883644j)
0.56,(-0.26508454152764266-0.592984199011314j),(-0.4100206109602922+0.8483077031157334j),(-1.1902818828834076-0.3123166189104164j),(0.8372537856667982+1.6292071323868438j),(0.05531710013660225+0.19254672126013817j),(0.710439840806371+0.6988830258695935j),(-0.9155854005131077-0.16684812855936804j),(1.2247733295085772-0.11061399411143874j),(1.1280434428504182-2.404345981964426j),(-1.457495347859048+0.44451016169181057j),(1.4661921179360182+0.5961487271998253j)
0.5700000000000001,(-0.27186288964303884-0.6007379991782382j),(-0.4078787821922908+0.8515488618006523j),(-1.1935751819179465-0.31282342945167013j),(0.8381939023615266+1.6282827385752243j),(0.05115628075820697+0.18778272284932515j),(0.7116159719715016+0.6944673576126004j),(-0.919702218669697-0.16759543490311332j),(1.2209546852446458-0.11081851924919234j),(1.1285974397506278-2.4037438478762096j),(-1.4586855815770958+0.44566685886968577j),(1.4650212837126089+0.5944131138346438j)
0.58,(-0.278838745745777-0.6085053205218615j),(-0.4055457091403808+0.8547282613158813j),(-1.1969261937594513-0.3132326961567941j),(0.8391185763819097+1.6273159051333996j),(0.046811011207678985+0.18307381095246572j),(0.7126637760447643+0.6899574700373694j),(-0.9239096331869684-0.16813994408095476j),(1.2170164152821903-0.11095119306567536j),(1.1291861320827823-2.403136994072401j),(-1.4598606266221388+0.44689598622465637j),(1.4637840085604006+0.5926644248323052j)
0.59,(-0.28602305845560155-0.6162755851211809j),(-0.4030206126418914+0.8578380477428866j),(-1.2003368251268014-0.31353929618066995j),(0.8400270119531843+1.6263059334825243j),(0.042274845938848234+0.17842322152188803j),(0.7135803669941022+0.6853528999468722j),(-0.9282031079466674-0.16847512177689006j),(1.2129525381865955-0.11100992711302961j),(1.1298110733984816-2.4025256012664116j),(-1.4610175073884133+0.4481995852155034j),(1.462478196461565+0.5909023170976258j)
0.6,(-0.2934258347208535-0.624035379632766j),(-0.40030363644807704+0.8608695700065947j),(-1.2038083556758152-0.3137376075759054j),(0.8409183797626449+1.6252523060372859j),(0.03754179505686868+0.1738347803885874j),(0.7143630480835108+0.6806537938199074j),(-0.9325767693907641-0.1685947042451027j),(1.208757340730098-0.1109933767545121j),(1.1304737132912797-2.4019099684012595j),(-1.462152885286789+0.44957937773862133j),(1.4611020537336348+0.5891267001007527j)
0.61,(-0.30105613981847046-0.6317684552907595j),(-0.39739584722411736+0.8638133798753921j),(-1.2073414379992506-0.3138215092928348j),(0.8417918169596437+1.6241546862059073j),(0.0326063243182181+0.16931290326222595j),(0.7150093118730382+0.6758609078111002j),(-0.9370234065214528-0.16849269830996205j),(1.204425377891787-0.11090094116449499j),(1.1311753973966834-2.401290512649569j),(-1.4632630587447713+0.451036766128018j),(1.459654089029505+0.5873377358771641j)
0.62,(-0.3089220973539867-0.6394557279068767j),(-0.3942992345491171+0.8666592319611257j),(-1.2109360976268053-0.31378438117951873j),(0.8426464271555898+1.6230129183901454j),(0.027463355130698128+0.16486259573113285j),(0.7155168402187847+0.670975607750902j),(-0.9415344709011526-0.16816338136602327j),(1.199951472857604-0.1107327633284657j),(1.1319173673921539-2.4006677694135714j),(-1.4643439632064983+0.4525728331553147j),(1.4581331133374322+0.5855358390276689j)
0.63,(-0.3170308892615333-0.6470752778704056j),(-0.3910167109161062+0.8693960837191028j),(-1.2145917330251168-0.3136191039817442j),(0.8434812804239503+1.6218270279852909j),(0.02210826455343426+0.16048945326230413j),(0.715883504272903+0.6659998691455913j),(-0.9461000766525071-0.16760130137802734j),(1.1953307170203424-0.11048973004302681j),(1.1327007609971056-2.400042392325104j),(-1.4653911711327436+0.454188342029746j),(1.4565382399810338+0.5837216767184071j)
0.64,(-0.32538875580383775-0.6546023501482072j),(-0.38755211173203963+0.8720120954480909j),(-1.218307115597762-0.3133180593430245j),(0.8442954133002495+1.6205972213801694j),(0.016536885296875886+0.15619966120140283j),(0.7161073644835985+0.6609362771772728j),(-0.9507090004583841-0.16680127688090107j),(1.1905584699796485-0.11017347191589613j),(1.1335266119729064-2.3994151532456103j),(-1.4663998920009145+0.4558837363981598j),(1.4548688846192899+0.5818961686808497j)
0.65,(-0.3340009955722245-0.6620093542847152j),(-0.3839101953177978+0.8744946302903177j),(-1.2220803896852575-0.3128731298045993j),(0.8450878287820692+1.6193238859571404j),(0.010745505722796228+0.15199999477275894j),(0.7161866705951285+0.655788026703878j),(-0.9553486815618764-0.1657583969797571j),(1.1856303595420203-0.10978636336590664j),(1.1343958501228786-2.39878694226614j),(-1.4673649723050526+0.4576591403450176j),(1.4531247652465415+0.5800604872117983j)
0.66,(-0.3428719654866145-0.669265864401936j),(-0.38009664290818596+0.8768302542314713j),(-1.225909072565059-0.3122756988054348j),(0.8458574963290488+1.6180075900920983j),(0.004730869844292385+0.14789781907936933j),(0.7161198616478033+0.6505589222591649j),(-0.9600052217663008-0.16446802134989388j),(1.1805422817208082-0.10933152262300655j),(1.1353093012922968-2.3981587677073506j),(-1.4682808955558342+0.45951435839239396j),(1.4513059021924914+0.5782160571733858j)
0.67,(-0.3520050807955255-0.6763386191994489j),(-0.37611805865193476+0.8790047361007002j),(-1.2297900544515625-0.31151665068222345j),(0.846603351862885+1.616649083154471j),(-0.0015098226742146503+0.1439010891028979j),(0.7159055659779852+0.6452533780527181j),(-0.9646633854351989-0.16292578023679566j),(1.1752904007362153-0.10881281172825924j),(1.1362676873683903-2.397531756119505j),(-1.4691417822805697+0.4614488754999771j),(1.4494126181222042+0.5763645559930758j)
0.68,(-0.3614028150760717-0.6831915219544061j),(-0.3719819696116999+0.8810030475706129j),(-1.2337195984961036-0.310586370669384j),(0.8473242977673321+1.6152492955072215j),(-0.007978916516980045+0.14001834970367544j),(0.7155426012180891+0.6398764179699488j),(-0.9693065994923367-0.16112757445613257j),(1.1698711490152964-0.1082348365338433j),(1.1372716262803417-2.3969071522824725j),(-1.4699413900232035+0.4634618570650684j),(1.4474455380361058+0.5745079136636629j)
0.6900000000000001,(-0.37106670023396426-0.6897856405215325j),(-0.36769682576406226+0.8828093631572784j),(-1.2376933407869568-0.3094747448990616j),(0.8480192028882019+1.6138093385068464j),(-0.014678300716935141+0.13625873562069973j),(0.7150299742965821+0.6344336755720947j),(-0.9739169534217047-0.15906957539376052j),(1.1642812271919594-0.10760294670305255j),(1.1383216319992868-2.396286319205729j),(-1.4706731133443147+0.46555214892258284j),(1.4454055892699842+0.5726483127432727j)
0.7000000000000001,(-0.3809970191569302-0.696080596998082j),(-0.3632717915523957+0.8844076032940238j),(-1.2417063104038149-0.30817140980731017j),(0.848686909306797+1.6123304872170343j),(-0.021609255976799524+0.13263166866426485j),(0.714367040916049+0.6289312137293912j),(-0.9784757492501139-0.15674826705215567j),(1.1585177017802264-0.10692351882022642j),(1.1394181063817894-2.3956707403540687j),(-1.4713301495391944+0.4677183156805946j),(1.443293947143123+0.5707880874964784j)
0.71,(-0.39117979838583317-0.702078492723338j),(-0.35871146006608834+0.885798984256356j),(-1.2457518623312536-0.3066732931775517j),(0.8493261085090765+1.610813598545275j),(-0.02876624095590534+0.12913951284868386j),(0.713556888838929+0.6233703486422308j),(-0.9829803866626807-0.15416205448414605j),(1.152578321200138-0.1062060500345532j),(1.1405617849239884-2.3950615655671172j),(-1.4719102724675626+0.4699593479898496j),(1.441109196653536+0.5689259325428443j)
0.72,(-0.40159557514941585-0.7077595437193034j),(-0.35402783000782073+0.8869776137341825j),(-1.2498178779862492-0.3049728751308998j),(0.8499345753128202+1.6092598678613426j),(-0.036141348038948834+0.125794980760601j),(0.7125964007572907+0.6177569597328632j),(-0.9874178511598678-0.15131038638099537j),(1.1464527525780401-0.1054390504009993j),(1.141755218913399-2.3944586767626816j),(-1.472407516801195+0.4722718822204738j),(1.4388482559010183+0.5670607541301357j)
0.73,(-0.4122263487929203-0.713085868931906j),(-0.3492368692796204+0.8879312114847115j),(-1.2538907822126915-0.3030601913913111j),(0.8505101325087846+1.6076708858481779j),(-0.04372675091858702+0.12261461514257735j),(0.7114808827352529+0.6120998687028708j),(-0.9917671106056704-0.1481940255699516j),(1.1401298933433597-0.10460755633249355j),(1.1430010023948274-2.393861988210652j),(-1.4728139042589314+0.474651273249304j),(1.4365092376775541+0.5651930677444208j)
0.74,(-0.42305210438391727-0.7180239653621369j),(-0.3443545734844766+0.8886497327669185j),(-1.2579566335484993-0.3009270727589892j),(0.8510509281946775+1.6060483769983964j),(-0.05151282395507158+0.11961283927499766j),(0.7102074225032835+0.6064076952309584j),(-0.996008208753475-0.1448156824897288j),(1.1336007567221478-0.10370087205030407j),(1.1443013124545187-2.3932717258046803j),(-1.473122351786751+0.47709242128958856j),(1.4340911142058428+0.5633236648415969j)
0.75,(-0.4340508127123065-0.7225447080660505j),(-0.3393969659263406+0.8891253683415465j),(-1.2620011242256226-0.29856714511038507j),(0.851555435775158+1.604394199614288j),(-0.059488142176248766+0.11680195697607042j),(0.7087748894581991+0.6006888569729532j),(-1.0001222652460597-0.1411800151905071j),(1.1268584717370815-0.10271256958403814j),(1.1456579092201598-2.3926884270621787j),(-1.4733266715577733+0.4795897718909871j),(1.4315937171392965+0.5614536128473905j)
0.76,(-0.4451984302903162-0.7266233501547643j),(-0.33438009761012544+0.8893525444711065j),(-1.2660095801700413-0.29597582939819667j),(0.8520224539618363+1.6027103458078171j),(-0.0676394812775594+0.11419215260182777j),(0.7071839346631649+0.5949515695618045j),(-1.0040914756155945-0.13729362933393274j),(1.119898283207463-0.10164048877164232j),(1.147072135860877-2.3921129411243203j),(-1.4734215709722562+0.48213731593957054j),(1.429017737562042+0.5595842551573569j)
0.77,(-0.45646889935250357-0.7302395227944587j),(-0.3293200472417058+0.8893279229198766j),(-1.269966961001765-0.29315034165136905j),(0.8524511067732735+1.6009989415006223j),(-0.07595181762203893+0.11179149104612564j),(0.7054369908476952+0.5892038466075843j),(-1.0078991112836402-0.13316507819311804j),(1.1127175517492194-0.10048673725940231j),(1.1485449185872374-2.391546428756039j),(-1.473402652657598+0.4847285896578212j),(1.4263647259889207+0.5577172111368808j)
0.78,(-0.4678341478557545-0.7333772352063772j),(-0.32423292122791847+0.889050400953903j),(-1.2738578600348343-0.29008969297509457j),(0.8528408435349822+1.5992622464240167j),(-0.08440832824031734+0.1096059177406436j),(0.703538272407653+0.5834534996974868j),(-1.0115295195611493-0.1288048626526414j),(1.105315753774903-0.09925769050194308j),(1.1500767666512486-2.3909903623460296j),(-1.473266414468337+0.4873566746046326j),(1.4236370923654873+0.5558543761211758j)
0.79,(-0.47926408947928345-0.7360248746668269j),(-0.31913485367656186+0.888521111340999j),(-1.2776665042773192-0.28679468955081266j),(0.8531914388794262+1.5975026541189885j),(-0.09299039083061925+0.107639258654885j),(0.7014937754052499+0.5777081383958287j),(-1.0149681236484658-0.12422543120854732j),(1.0976944814936915-0.0979639917622288j),(1.151667772346358-2.3904465259067478j),(-1.4730102494861497+0.4900141976753097j),(1.4208381060680104+0.5539979214152847j)
0.8,(-0.4907266236246338-0.7381752065071773j),(-0.3140420063963963+0.8877434223507459j),(-1.2813767544313208-0.2832679326362098j),(0.85350299274602+1.5957226919361998j),(-0.10167758375876376+0.10589322029617684j),(0.6993112775690467+0.5719751702440486j),(-1.0182014226353253-0.11944117996834636j),(1.0898574429113879-0.09662055211156285j),(1.1533176110074541-2.3899170150744102j),(-1.4726324460198532+0.49269333110156877j),(1.4179718959034733+0.5521502942940795j)
0.81,(-0.5021876354156778-0.7398253741138616j),(-0.3089705688971439+0.8867229377544924j),(-1.2849721048929694-0.2795138185652198j),(0.85377593038113+1.5939250210359868j),(-0.11044768605816467+0.1043673897096699j),(0.6970003382939525+0.5662618007607082j),(-1.0212169915008547-0.11446845265101523j),(1.08181046183042-0.09524655042958785j),(1.1550255410108652-2.3894042371089945j),(-1.472132187605404+0.49538579245153735j),(1.4150434501095732+0.5503142180022609j)
0.8200000000000001,(-0.513610995698616-0.7409768989283758j),(-0.30393675838948875+0.885467496825355j),(-1.2884356837524262-0.2755385387480234j),(0.854011002338073+1.592112436388361j),(-0.11927667742983031+0.10305923447833865j),(0.6945722986412255+0.5605750334414908j),(-1.024003481113572-0.10932554058699667j),(1.0735614778498412-0.0938654334042856j),(1.1567904037743606-2.3889109108942383j),(-1.4715095530058984+0.4980828446297544j),(1.4120586163547209+0.5484926917543591j)
0.8300000000000001,(-0.5249638679240578-0.7416361452772148j),(-0.29895390613863587+0.8839861254306909j),(-1.291752353172029-0.2713479724349622j),(0.8542090316842634+1.5902861970698097j),(-0.12814291074339831+0.10196196276772368j),(0.6920389755461375+0.5549184996598785j),(-1.0265512679559838-0.10403003235416358j),(1.0651274351166362-0.09250751798344678j),(1.1586131817490204-2.3884424722723763j),(-1.4707649114671202+0.5007767648120498j),(1.4090203118400058+0.5466902982990024j)
0.84,(-0.5362597592223926-0.7418125164090693j),(-0.29400932162916804+0.8822769173737937j),(-1.2949238840043786-0.26692894890488084j),(0.8543678719796493+1.5884328983523177j),(-0.13706197248309585+0.10105469290934863j),(0.6893954955908427+0.5492673133861775j),(-1.0288562820843499-0.09857527561786161j),(1.0565708592030632-0.09120832129213557j),(1.1605168917833943-2.3880220585203973j),(-1.4698922791449225+0.5034725746245565j),(1.4058971949002677+0.5449207677634396j)
0.85,(-0.5474530811668307-0.7415030876580024j),(-0.2891232885837367+0.8803438629186654j),(-1.2979251664192648-0.2622899934955953j),(0.8544863382853208+1.5865585377829154j),(-0.14600439908794052+0.10035295129590695j),(0.6866396584317808+0.5436330220607583j),(-1.030905502070435-0.09298136108026696j),(1.0478432116680387-0.08993282769024402j),(1.162494541575662-2.3876377795301793j),(-1.468889657323014+0.5061583272619926j),(1.402699360507012+0.5431778208683512j)
0.86,(-0.5584868709528363-0.7407066573038438j),(-0.28432258596622056+0.8781937624869507j),(-1.3007263896625545-0.25744603811741834j),(0.8545636877369659+1.5846732350686874j),(-0.15493086408754633+0.0998757681453895j),(0.683772542900977+0.5380355500751403j),(-1.0326853421534057-0.08727551662890018j),(1.0388826144676786-0.08864035559284306j),(1.164533348289786-2.3872724110893544j),(-1.467756927103077+0.508818293774739j),(1.3994464284106716+0.5414525015702576j)
0.87,(-0.5693131292330729-0.7394267877357427j),(-0.2796292509310201+0.8758330194013992j),(-1.303301512138817-0.2524107689636235j),(0.8545988746608403+1.5827847717419081j),(-0.16380790234307843+0.09963575211090608j),(0.6807950373786485+0.5324910221536818j),(-1.0341844675535468-0.08148245363454962j),(1.0296447235172772-0.08729975731350176j),(1.166624714530633-2.38691363943606j),(-1.466493942251036+0.5114386101599495j),(1.396153229555451+0.5397388887532217j)
0.88,(-0.5798928201174021-0.7376718054521683j),(-0.27506057882305746+0.8732676398858651j),(-1.3056282614113222-0.24719662651044494j),(0.8545905505737682+1.5808985911600428j),(-0.17260791004725298+0.09963909028068553j),(0.6777078397932051+0.5270117633535802j),(-1.0353937944722615-0.07562436695127153j),(1.0201027286913062-0.08588941906428736j),(1.1687642283439754-2.3865540612589387j),(-1.4651005291970574+0.5140072773615516j),(1.3928298060793252+0.5380340962288492j)
0.89,(-0.5901958711728841-0.7354548010609089j),(-0.27062912317777665+0.8705032330653075j),(-1.3076881342020417-0.24181480551707735j),(0.8545370641831425+1.5790177985057463j),(-0.18130914472433723+0.0998855481780756j),(0.6745114576212484+0.5216062990648713j),(-1.036306490092071-0.06972093491639j),(1.0102473538234156-0.0843972609557653j),(1.170951663216491-2.386191183697139j),(-1.4635764870355499+0.5165141612702454j),(1.3894814113140408+0.5363382727362884j)
0.9,(-0.6002011734237781-0.7327936292790731j),(-0.26634269572114355+0.8675450109657903j),(-1.3094663963916484-0.2362752550256762j),(0.8544364613869239+1.5771431607868642j),(-0.18989572523014947+0.1003684697615431j),(0.6712062078875723+0.5162793550104299j),(-1.0369179725766144-0.06378931935049702j),(1.0000868567064323-0.0828207369969991j),(1.1731909780757617-2.385827424340315j),(-1.4619215875251645+0.5189509927235044j),(1.3861085097851154+0.5346546019422306j)
0.91,(-0.6098965813515416-0.7297109089330885j),(-0.2622043663696457+0.8643977885144822j),(-1.3109520830195165-0.23058667836135766j),(0.8542864852736417+1.5752731068364325j),(-0.19835763175205906+0.10107477742467373j),(0.6677922171651632+0.5110318572459694j),(-1.0372259110706497-0.057844165557452434j),(0.9896470290923621-0.08116683509555049j),(1.1754903172902755-2.385470111228625j),(-1.4601355750887945+0.521311367505575j),(1.3827067772118373+0.5329893024409093j)
0.92,(-0.6192789128948308-0.7262340229587028j),(-0.25821246323029245+0.8610659835396569j),(-1.3121379982837222-0.22475653313219854j),(0.8540845761223937+1.5734037273126773j),(-0.2066907058089864+0.10198497199617226j),(0.6642694215751994+0.5058609321600422j),(-1.0372302257000519-0.051897602324383896j),(0.9789711966923884-0.07945207705747938j),(1.1778620106694249-2.3851314828527355j),(-1.458218166813575+0.5235907463474769j),(1.3792671005072665+0.5313516277541012j)
0.93,(-0.6283539494495005-0.7223951184009831j),(-0.25436057260061495+0.8575536167706924j),(-1.313020715541042-0.21879103122923627j),(0.8538278714028458+1.5715287746990148j),(-0.21489665025140292+0.10307313273986242j),(0.6606375667870517+0.5007599064740397j),(-1.0369330875718155-0.04595924192168701j),(0.968120219176872-0.07770251858734376j),(1.1803225734635074-2.384828688153816j),(-1.4561690524508835+0.5257864549270028j),(1.375775577778234+0.5297538663311255j)
0.9400000000000001,(-0.637136435868604-0.7182311064143163j),(-0.25063753896866614+0.8538643118380721j),(-1.3136005773069548-0.21269513882646895j),(0.8535132057752323+1.569639663304052j),(-0.22298302926133107+0.10430691735468688j),(0.6568962080182826+0.4957183072421914j),(-1.0363389187740522-0.040036180103025246j),(0.957172490175352-0.07595374928819987j),(1.182892706363726-2.384583786523542j),(-1.4539878944163396+0.5278976838687187j),(1.3722135183253412+0.5282113415488443j)
0.9500000000000001,(-0.6456500804623936-0.7137836622624087j),(-0.24702746501302064+0.8500012952733839j),(-1.3138816952556402-0.20647257638085542j),(0.853137111090356+1.5677254692615856j),(-0.2309632683523445+0.10564756197470733j),(0.6530447100346475+0.49072186185156635j),(-1.0354543923759922-0.034132996105329855j),(0.9462239372765452-0.07425089266160204j),(1.1855972955021885-2.384423747804096j),(-1.451674327789805+0.5299254887439633j),(1.3685574426429619+0.5267424117116621j)
0.96,(-0.6539221027191437-0.7090879799818083j),(-0.24352182439476328+0.8459608817881797j),(-1.3138631417613844-0.20012965960671636j),(0.852694721413269+1.5657717227092416j),(-0.2388616733035954+0.10706017523580186j),(0.6490731313443723+0.48575197844421025j),(-1.034282001623139-0.028255407411063835j),(0.9353744836326439-0.07261230539687967j),(1.1884779252014532-2.3843918744601185j),(-1.4492249606931487+0.5318666347931189j),(1.3647628691244151+0.5253665454466679j)
0.97,(-0.6619282499651691-0.704125668705086j),(-0.24017262503258469+0.8417157512966152j),(-1.313503095632213-0.19369392295909998j),(0.8521784768267657+1.56377305822266j),(-0.2467029704043562+0.10857165709414576j),(0.6449397672213081+0.4808019095471168j),(-1.032798206264152-0.022429709835024736j),(0.9245671179171853-0.07088698133332698j),(1.1915948439075201-2.3845390608519446j),(-1.446627576392536+0.5336896672101087j),(1.3607591472408211+0.5240788949468062j)
0.98,(-0.6696275372367355-0.698928891362438j),(-0.2369816523709106+0.8372812032403726j),(-1.3128012198263441-0.18718050847195372j),(0.851589741808985+1.5617530948666836j),(-0.2544489849877773+0.11018254480820971j),(0.6406638985081978+0.4758918874993391j),(-1.0310155888429906-0.016671600313438808j),(0.9136692715052809-0.06909764782205904j),(1.1948872665009527-2.3847915615394792j),(-1.4438928148674048+0.5353926099905334j),(1.356630666744894+0.5228606352233279j)
0.99,(-0.6769886677446207-0.693536851447894j),(-0.23394395066401952+0.8326749826125712j),(-1.311763295377616-0.18060390741820356j),(0.8509295872434915+1.5597335985448755j),(-0.26206336320678064+0.11188490092838137j),(0.6362678166343928+0.4710411714016632j),(-1.0289505549621405-0.01099477426748945j),(0.9025806740172527-0.06728832632983883j),(1.1982971470921169-2.3850799454519724j),(-1.441033076449157+0.5369762249625218j),(1.3524616457531342+0.5216980822205053j)
1.0,(-0.6839884258866623-0.6879851633063431j),(-0.231059013820057+0.8279099853222568j),(-1.31039279173323-0.17398133935675375j),(0.8501973870958297+1.5577313869287295j),(-0.26951973455383527+0.11367040785652457j),(0.6317664960368308+0.46626558467055157j),(-1.0266166980505935-0.005413949620996193j),(0.8912323320801451-0.06548906517987149j),(1.2017866079792605-2.385356185920924j),(-1.4380589627603781+0.5384379807727455j),(1.3483138942236104+0.520582829673676j)
1.01,(-0.6906116772477573-0.6823058521335329j),(-0.22833078540103563+0.8229942581944014j),(-1.3086908667537536-0.16733275213248666j),(0.8493908184135235+1.5557583294576691j),(-0.27680171186095753+0.11553036784597949j),(0.6271675941600363+0.46157751503814276j),(-1.0240247993638476+5.513319958534019e-05j),(0.879586529327725-0.06371593955180431j),(1.2053379396485135-2.3855936606800823j),(-1.4349792767148384+0.539772052886418j),(1.344226813955959+0.5195117491092426j)
1.02,(-0.696851368599863-0.6765273539760702j),(-0.225767658622835+0.8179309989699037j),(-1.3066563667131177-0.16068082187626279j),(0.8485058613260763+1.5538213473390483j),(-0.28390289129971064+0.11745570300156248j),(0.6224714514561202+0.4569859145522514j),(-1.0211828279839064+0.0053957112651634095j),(0.8676368264004817-0.06197105148172678j),(1.2089536007738872-2.3857871518654474j),(-1.431801022517492+0.5409693235872962j),(1.3402173985913852+0.5184869898446731j)
1.03,(-0.7027085279019958-0.6706745157314208j),(-0.22338247635520173+0.812718556305589j),(-1.3042858262986186-0.15405095300492092j),(0.8475367990449709+1.5519224135481506j),(-0.2908268523812052+0.11943695527956621j),(0.6176710913847795+0.4524962995763684j),(-1.0180959408192802+0.010589999144010119j),(0.8554080609456273-0.06024252986217055j),(1.2126562182172753-2.385952846015267j),(-1.428529405664477+0.5420173819776789j),(1.3362802336126614+0.5175159789885007j)
1.04,(-0.7081922643002325-0.6647685951479094j),(-0.2211925311217495+0.8073504297742085j),(-1.3015734686109173-0.14747127822127787j),(0.8464762178636699+1.5500585528281903j),(-0.2975871579560988+0.12146428648775956j),(0.6127522204132981+0.4481107507896607j),(-1.0147664826049851+0.01561918890176154j),(0.8429563476170961-0.05850453044210945j),(1.2164885870284528-2.386128334070039j),(-1.4251678329431159+0.5429005239784078j),(1.3323874963441285+0.5166114214403236j)
1.05,(-0.7133197681277095-0.65882726082472j),(-0.21921956509995894+0.8018152698644402j),(-1.2985112051640393-0.14097265851412877j),(0.8453150071576151+1.5482218416903109j),(-0.30420735421459616+0.1235274782853877j),(0.6076932280165465+0.4438279131869714j),(-1.0111939859025436+0.020463450101417528j),(0.830369078075545-0.056717235826959464j),(1.220513670445077-2.386372611372511j),(-1.4217179124319148+0.5435997523288673j),(1.3284889559516957+0.5157912998908053j)
1.06,(-0.7181163109046226-0.6528645922118952j),(-0.21748977012117776+0.7960968779808888j),(-1.2950886358853748-0.1345886831582468j),(0.844042359384228+1.5463994084135866j),(-0.3107209706864491+0.12561593218317202j),(0.602465186676981+0.43964299607881985j),(-1.0073751710999839+0.02510192980334191j),(0.8177649209883536-0.05482685547857874j),(1.2248145998926865-2.386766077667681j),(-1.4181794535005643+0.544092776586984j),(1.32451197344284+0.5150788748216748j)
1.07,(-0.722615245338228-0.6468910796103368j),(-0.2160337876706207+0.7901742064440849j),(-1.2912930491156787-0.12835566971438342j),(0.8426457700829095+1.5445734330450214j),(-0.3171715202409568+0.12771866954331018j),(0.5970318518846449+0.4355477730914014j),(-1.0033039464118403+0.02951275256526232j),(0.8052938220296236-0.05276562571526761j),(1.2294946749847022-2.3874105371027947j),(-1.414550466809939+0.5443540131292274j),(1.3203615016666068+0.5145026845057258j)
1.08,(-0.7268580053228411-0.6409136241718055j),(-0.21488670888736952+0.7840213584904859j),(-1.287109421609071-0.12231266402926813j),(0.8411110378750404+1.542721147399549j),(-0.32361249908696527+0.1298243315794761j),(0.5913496621371681+0.43153058216658774j),(-0.9989714078791534+0.033673020442270385j),(0.7931370038801795-0.05045180971176859j),(1.2346773635224269-2.388429198227349j),(-1.4108271643120973+0.5443545851506093j),(1.315920085313609+0.5140965450068175j)
1.09,(-0.7308786674957926-0.6349727246379921j),(-0.21406643251672813+0.777647402125339j),(-1.2825751748517886-0.11649362333034353j),(0.8394360475432954+1.5408381467943848j),(-0.3300590827913491+0.13191238883273662j),(0.5854079345213837+0.427593495921165j),(-0.9944071484114885+0.0375689011022959j),(0.7813386717859764-0.047852474862815055j),(1.2404365718643606-2.389902193611321j),(-1.4070270117526054+0.5440871416113243j),(1.3111411733359803+0.5138716131362039j)
1.1,(-0.7346177475324043-0.6291749149728368j),(-0.21357989764791538+0.7711261291756902j),(-1.277783229114688-0.11095442863871986j),(0.8376293871374674+1.5389865135123082j),(-0.33642374769974287+0.1339745470428584j),(0.5792654210412926+0.4237972171140362j),(-0.9896946009231014+0.041176503176901434j),(0.7695766063009857-0.04508570273336489j),(1.246676845878154-2.3917153807061164j),(-1.4032189296091466+0.5435647861131331j),(1.3062159091645107+0.513800084980913j)
1.11,(-0.7379966820571859-0.6235614242160648j),(-0.2134942803430098+0.764459049971901j),(-1.2727007178134646-0.10580182770131602j),(0.8356647380557366+1.5372024344200683j),(-0.3426917261269773+0.1360408846320063j),(0.572908110299726+0.4201912316514184j),(-0.9848307649974226+0.04442837447311361j),(0.7578317700920747-0.042174993854487884j),(1.2534026779349425-2.3938253121631243j),(-1.3994418682385419+0.5427373909248413j),(1.3012075296960364+0.5139176576820687j)
1.12,(-0.7409616394912728-0.6181927673446675j),(-0.2138614910874302+0.7576726871613171j),(-1.2673419677106754-0.10114523382533787j),(0.8335264154853556+1.535517638202551j),(-0.348834521452972+0.1381301246966807j),(0.5663391473353576+0.41681981212079616j),(-0.9798425973488265+0.04726347290902601j),(0.7461262595407627-0.039134148465301076j),(1.2606279438007488-2.3962222235665394j),(-1.3957479327877924+0.5415713689189205j),(1.296163493952342+0.5142547833023194j)
1.1300000000000001,(-0.7434834291766262-0.613153370382694j),(-0.21471486675247584+0.7508236733439183j),(-1.2617764322068579-0.09709500086608505j),(0.8312114142148201+1.5339615735076528j),(-0.35480444814538287+0.1402478388186051j),(0.5595837970324004+0.4137233917516047j),(-0.97479266953307+0.04962907240989001j),(0.734504935852199-0.035973780884961504j),(1.2683687764261302-2.3989245049627312j),(-1.3922050220571764+0.5400533109567426j),(1.2911248248168286+0.5148330467036697j)
1.1400000000000001,(-0.7455575013760337-0.6085515704012507j),(-0.2160691705953267+0.7439987510723175j),(-1.2561286913405287-0.09376242322695105j),(0.8287294086338703+1.5325614089462791j),(-0.3605346317596024+0.14238644706472606j),(0.552689444120606+0.4109385644152305j),(-0.969779167947293+0.05148076290811473j),(0.7230354250551625-0.03270131951266621j),(1.2766435659461781-2.401978700860247j),(-1.388896828500249+0.5381899858885797j),(1.286126109034513+0.5156651655474787j)
1.1500000000000001,(-0.747203947273109-0.6045196155185022j),(-0.21792059225904334+0.7373147728517608j),(-1.2505784517881853-0.09125973585942317j),(0.8261027527334894+1.531342033092346j),(-0.3659390089387593+0.14452521798721324j),(0.5457255931752653+0.40849808462501086j),(-0.9649358938300188+0.0527824503432671j),(0.7118081180020615-0.029321006827652183j),(1.2854729596805192-2.405459510229808j),(-1.3859228382238404+0.5360083405536046j),(1.2811954972120285+0.5167549902944615j)
1.16,(-0.748467498972292-0.6012136648996701j),(-0.2202467477725667+0.7309187011401281j),(-1.245360546864305-0.08970011426308253j),(0.823366480105905+1.5303260544827788j),(-0.3709123274137188+0.14663026862345935j),(0.5387838686172078+0.40643086753623425j),(-0.9604322632611532+0.05350635666207179j),(0.7009361703689341-0.025833899389196533j),(1.2948798621333137-2.409469786504312j),(-1.383398330988059+0.5335554997798904j),(1.2763547038176246+0.5180975042046884j)
1.17,(-0.7494175294988492-0.598813788757034j),(-0.22300667955071857+0.7249876083479321j),(-1.2407649365213445-0.08919767448560399j),(0.8205683039445877+1.5295338016175128j),(-0.3753301460030827+0.14865456449608025j),(0.5319780147128021+0.40476198894614j),(-0.956473307161985+0.05363301981841133j),(0.6905555026554477-0.022237867836616115j),(1.3048894349932578-2.4141405375788327j),(-1.3814543802062882+0.5308987663844106j),(1.2716190071811662+0.519678823337585j)
1.18,(-0.7501391915273838-0.5975176641342407j),(-0.22613802779710035+0.7197272436560632j),(-1.2371259086619057-0.08986183065679208j),(0.8177688055067124+1.528987505254075j),(-0.3790442172064532+0.1505447148976794j),(0.5254469228589994+0.4035134058074185j),(-0.9532933768413324+0.053152774995043534j),(0.6808267639236557-0.01853580454517223j),(1.3155099279343878-2.4196097543188566j),(-1.3802364081051708+0.5281294715227685j),(1.2670123221151497+0.5214775614566407j)
1.19,(-0.7506528892543557-0.5974161014191036j),(-0.2294999090245133+0.7153376949862904j),(-1.2346585011150086-0.09166271446756048j),(0.8150477860276768+1.5287332631137525j),(-0.3818884857154999+0.15227166541037707j),(0.5193954720776998+0.4026937397824148j),(-0.9510630363028924+0.052102400356583776j),(0.6719614503786304-0.014855682985584016j),(1.3264345843923744-2.4257233062663324j),(-1.379839827570289+0.5253937737266113j),(1.2627219597906834+0.5234603782423316j)
1.2,(-0.7510267514284886-0.5984804320565335j),(-0.23290356182976993+0.7119655371296191j),(-1.2334812155392323-0.09441862411067142j),(0.8124924451459934+1.528766317827343j),(-0.3838200369704337+0.1537305466139172j),(0.5140262511277486+0.402269831969481j),(-0.9498920476952362+0.05057333737355043j),(0.6641576528465148-0.011365077257120099j),(1.337228759962512-2.4322303944479673j),(-1.3802577594144425+0.5228197547159893j),(1.2588944526841241+0.5255539802340463j)
1.21,(-0.7513527255740731-0.6006251220223274j),(-0.23618083009246274+0.7096877764078945j),(-1.2336398034587333-0.09791087912857967j),(0.8101762231577233+1.5290618440071526j),(-0.3848663681404846+0.1548253668740835j),(0.5094826533279858+0.4021924508633545j),(-0.949826949043381+0.04868315705310636j),(0.6575437195031849-0.008194466558908042j),(1.3475421414706346-2.4389283437958773j),(-1.3814378564295033+0.5205141259188044j),(1.2556169459998057+0.5276816158641198j)
1.22,(-0.7517289574289001-0.6037055056572898j),(-0.2391857246381937+0.7085099627647935j),(-1.2350942861533576-0.10188725660747591j),(0.8081574752926984+1.529585747134698j),(-0.38510989097255965+0.15548908447664828j),(0.5058498375003133+0.4024005265953252j),(-0.9508423099842233+0.04657465145826331j),(0.6521777182457508-0.0054438493003367665j),(1.3570967475648035-2.4456414409679836j),(-1.383287261739333+0.5185693821911171j),(1.252942109007156+0.5297691531927251j)
1.23,(-0.7522597909442608-0.6075177856672314j),(-0.24179442323857422+0.7083661897658244j),(-1.2377189546586416-0.1060619911772867j),(0.806479471714521+1.530294663560707j),(-0.3846879317912435+0.1556836076273724j),(0.5031547279696942+0.4028211509332355j),(-0.9528407317665376+0.04441583370788192j),(0.648047436692557-0.00318274310105654j),(1.3656869287153055-2.4522209343480155j),(-1.3856726087997808+0.5170638018171455j),(1.2508881350406973+0.5317450799078735j)
1.24,(-0.7530557682849468-0.6117990331229703j),(-0.24390527061122513+0.7091190945983276j),(-1.2413023697658105-0.11011577501167442j),(0.8051703975205639+1.531135960505117j),(-0.3837927314987979+0.15539979445200533j),(0.5013660145641533+0.4033695772814803j),(-0.9556528472509779+0.042399937976671714j),(0.6450703821831826-0.0014501847909789735j),(1.373179367214655-2.4585450340455077j),(-1.3884200213986857+0.5160614465092658j),(1.2494387415000463+0.5335405033254143j)
1.25,(-0.7542336298292502-0.6162271874603313j),(-0.24543877841977668+0.7105598580714749j),(-1.2455473620217805-0.11369575782803741j),(0.8042433527419706+1.5320477360570757j),(-0.3826714455751618+0.15465745299628506j),(0.5003941526147772+0.40394922068100697j),(-0.9590373209100767+0.04074541949519111j),(0.6430937817784406-0.0002547304102770466j),(1.3795130771775925-2.464518911895804j),(-1.3913151136558743+0.5156121614080116j),(1.2485431698499134+0.5350891503890345j)
1.26,(-0.755877159529533-0.6204655758789729j),(-0.2463603000675166+0.7124205403151287j),(-1.250101754468705-0.11648775512002528j),(0.8036828580314475+1.532963367700022j),(-0.38159478392997553+0.15351434267405925j),(0.5000873630343535+0.4044629432421499j),(-0.9627011810545636+0.03964987089013792j),(0.6418903781463763+0.00042813546156777923j),(1.3847154549580674-2.470076664818208j),(-1.3941303810878716+0.5157245042590954j),(1.2481100773379519+0.5363430299828469j)
1.27,(-0.757831874244801-0.6244646448517331j),(-0.24678630195982248+0.7145220211265565j),(-1.2548031127468697-0.11863334085369218j),(0.8033952264929519+1.5338510568526973j),(-0.3806198863464998+0.15208886957762996j),(0.5002712116569812+0.4048902616101938j),(-0.966482346012845+0.03901985784655115j),(0.6412255752905549+0.0006593555275573308j),(1.3889521800125533-2.4752055214652513j),(-1.3968151623356921+0.516247274535008j),(1.2480147022583261+0.5373509513610337j)
1.28,(-0.7600064665686201-0.6281936083230294j),(-0.2467918293847805+0.7167628676549783j),(-1.2595419236224052-0.12021555637221773j),(0.8033300659721315+1.5346933375992031j),(-0.37976406094015414+0.15046013952166135j),(0.5008415238761731+0.4052176414339109j),(-0.9702785802541616+0.03879598159338525j),(0.6409706690871183+0.000495449164206632j),(1.3923498804790915-2.4799249796541774j),(-1.3993359004739103+0.5170970661378326j),(1.2481839688738583+0.5381373179114773j)
1.29,(-0.7623447115224382-0.631616906165595j),(-0.2464335534946558+0.7190548722919099j),(-1.2642227607858247-0.12127924150575262j),(0.8034489616486632+1.535475465850697j),(-0.37905082803198464+0.1486910597637177j),(0.5017091398274147+0.4054299082947993j),(-0.9740027138174329+0.03894409723593398j),(0.6410138989653378-9.385986848179447e-06j),(1.3950218973906239-2.4842596398118313j),(-1.401658699181854+0.5182144520331883j),(1.2485564435945509+0.5387190275850008j)
1.3,(-0.7648047374914986-0.6347131549794444j),(-0.24576249190666144+0.7213237284924379j),(-1.2687751729025123-0.1218666524683869j),(0.8037167261845696+1.5361866820296357j),(-0.37849860866185814+0.1468346325490162j),(0.5027935759004233+0.40551492238312764j),(-0.9775883638628401+0.039432889153305985j),(0.641251657559448-0.0008015298496998457j),(1.3970785615722756-2.4882386203326696j),(-1.4037607121144882+0.5195478544414625j),(1.2490762994722227+0.5391141168223899j)
1.31,(-0.7673590262248394-0.6374751480918739j),(-0.24482400870295873+0.723509030775219j),(-1.2731536836127213-0.12201746185814999j),(0.8041013997242189+1.5368202110697757j),(-0.3781207245884622+0.14493395511042678j),(0.5040230247391481+0.40546357849793535j),(-0.9809899346718258+0.04023387099842487j),(0.6415884907086465-0.0018279399141699882j),(1.3986271936413557-2.4918955575787622j),(-1.4056301429024145+0.5210535448378107j),(1.2496933162005084+0.5393417605543924j)
1.32,(-0.7699944128352948-0.6399098555574613j),(-0.24365781443065695+0.7255642747224805j),(-1.2773377915315756-0.12176875865701059j),(0.8045742498943255+1.5373732624161731j),(-0.37792539828930516+0.1430222196684723j),(0.5053343552417702+0.4052698060470326j),(-0.9841826176470945+0.04132138569802914j),(0.6419370974570943-0.0030361512358091057j),(1.3997721040073563-2.495268605879789j),(-1.4072662451518723+0.5226956439521574j),(1.2503628801148592+0.5394222722017189j)
1.33,(-0.7727120857994936-0.6420384241580659j),(-0.24229796610181348+0.7274568569800202j),(-1.2813319702490689-0.12115504823087682j),(0.805109771803949+1.5378470300251836j),(-0.37791575296071606+0.14112271343132834j),(0.5066731125607028+0.40493056904700026j),(-0.9871623913126119+0.042672605452672235j),(0.6422183300539152-0.0043742764358965765j),(1.4006145928719533-2.498400437533042j),(-1.408679322444738+0.524446121769195j),(1.251045984192543+0.5393771036750423j)
1.34,(-0.7754966184316536-0.6438942173261692j),(-0.24077625226458718+0.7291833756366278j),(-1.2851451405536722-0.12022685052847526j),(0.805689979385363+1.5382450625400232j),(-0.3780760987901165+0.13924923999034353j),(0.5080109669815494+0.40445007328179305j),(-0.9899373405226746+0.04425041689499514j),(0.6423963741155082-0.005808342018404698j),(1.4012249247857549-2.5013265866854124j),(-1.4098873302964972+0.5262793636996856j),(1.2517190074725293+0.5392237360314783j)
1.35,(-0.7783062103772912-0.6455050362442732j),(-0.23912070018231765+0.7307646058834907j),(-1.2887715924560237-0.11904218568762832j),(0.8063096134975684+1.5385729884448218j),(-0.37837454688451344+0.13740844519447612j),(0.5093511012673125+0.40384465410148385j),(-0.9925124002847775+0.04600848982481644j),(0.6424975379184192-0.007329421687668277j),(1.4016221838835752-2.5040625388600795j),(-1.4109060753224376+0.5281736745799417j),(1.252384317138565+0.5389719368332642j)
1.36,(-0.7811263720298586-0.6468928658716998j),(-0.2373520794830376+0.7322086361936543j),(-1.2922196070593674-0.11763450454396354j),(0.8069638738093927+1.5388382078583116j),(-0.37879303354207194+0.1356043571488567j),(0.510687618210407+0.40312926398245125j),(-0.9948970632891794+0.04792139900076176j),(0.6425294994226614-0.008919606653015513j),(1.4018354977030443-2.5066266775940345j),(-1.411750902808004+0.5301163453323444j),(1.2530430784766016+0.5386331767576673j)
1.37,(-0.78394531649217-0.6480786615792928j),(-0.23548869858842736+0.733523385162525j),(-1.2954981032732393-0.11603406617426838j),(0.8076481554083862+1.5390472421608505j),(-0.3793157594851214+0.13383982175408474j),(0.5120153401163711+0.4023167225423963j),(-0.9971012499419967+0.049966451371130975j),(0.6424978953068454-0.01056343993723468j),(1.4018919380327775-2.5090363098295434j),(-1.4124362907072163+0.5320961418331731j),(1.2536955354422092+0.5382177612137667j)
1.3800000000000001,(-0.7867538171709584-0.6490823571668439j),(-0.23354642451901986+0.7347166768313543j),(-1.2986165534382086-0.11426803956562306j),(0.8083580614157242+1.5392057244074897j),(-0.3799291226991882+0.13211650526666957j),(0.5133298831369897+0.40141772828603506j),(-0.9991352781481169+0.0521235959577331j),(0.6424064626219713-0.012247991913621494j),(1.4018164120365315-2.5113076242241745j),(-1.4129758413142055+0.5341032737987802j),(1.2543410412694243+0.5377348095545121j)
1.3900000000000001,(-0.7895452077768748-0.6499228648630925j),(-0.23153868289420074+0.7357962406872388j),(-1.30158498332588-0.11236050361540054j),(0.8090894029862079+1.5393183993279724j),(-0.3806217184329958+0.1304348942990307j),(0.5146276572702947+0.4004408586050984j),(-1.0010098633111992+0.054375423855886285j),(0.6422570387914279-0.013962860305979135j),(1.4016316622532075-2.5134556911507984j),(-1.4133822812632126+0.5361293947855913j),(1.2549780584707475+0.5371922550767236j)
1.4000000000000001,(-0.7923153823244885-0.6506180753257256j),(-0.2294764579322083+0.7367697116631198j),(-1.304413972138892-0.1103324471312665j),(0.8098381993082634+1.539389123326735j),(-0.38138433919846454+0.12879429581949778j),(0.5159058663605648+0.39939256977833254j),(-1.002736118333674+0.056707168234417814j),(0.6420495616109931-0.015700170188618225j),(1.401358266596848-2.515494462697589j),(-1.41366746152859+0.5381676021901047j),(1.2556041588371458+0.5365968450210921j)
1.41,(-0.7950627951322873-0.6511848576413779j),(-0.22736829245013365+0.7376446301377837j),(-1.3071146525109179-0.10820176883117945j),(0.8106006776039425+1.5394208644829066j),(-0.3822099747707117+0.1271928371523104j),(0.5171625080983253+0.39827719697149855j),(-1.0043255536167428+0.05910670433566405j),(0.6417820692488337-0.017454573986356803j),(1.401014638356639-2.5174367726680233j),(-1.4138423574247998+0.5402124372488921j),(1.2562160234380508+0.535954140572179j)
1.42,(-0.7977884608226773-0.651639059325632j),(-0.22522028786392034+0.7384284419358621j),(-1.3096987105066653-0.10598327734339048j),(0.8113732731289222+1.5394157025503092j),(-0.3830938121880519+0.12562746597761826j),(0.5183963740203489+0.39709695423737246j),(-1.005790077060379+0.06156454947547064j),(0.6414507002455053-0.01922325147452047j),(1.4006170261969095-2.51929433658088j),(-1.4139170686064153+0.5422598850385981j),(1.25680944262136+0.5352685168584166j)
1.43,(-0.800495954321983-0.6519955063230184j),(-0.22303610418836478+0.7391284983278316j),(-1.3121783856218763-0.10368869120644358j),(0.8121526291725047+1.5393748289574574j),(-0.3840332357519963+0.12409395033148117j),(0.5196070495096543+0.3958519345157454j),(-1.0071419940633262+0.06407386304319224j),(0.6410496935139527-0.021005909778942174j),(1.4001795141571305-2.521077751670241j),(-1.4139008190681204+0.5443073744759404j),(1.257379316013436+0.5345431629521075j)
1.44,(-0.8031914108604469-0.6522680030070147j),(-0.220816960037116+0.7397520560300135j),(-1.3145664707833278-0.10132663886917544j),(0.8129355970576182+1.5392985468075584j),(-0.38502782702725347+0.12258687860586902j),(0.5207949137955078+0.3945401096334237j),(-1.0083940075231006+0.06663044650169267j),(0.6405713883395094-0.022804783375962326j),(1.3997140216519166-2.5227964968854915j),(-1.4138019571447091+0.5463537783177095j),(1.257919652519107+0.5337800818694252j)
1.45,(-0.805877790892583-0.6524685191808783j),(-0.21856499101556556+0.7403081480563461j),(-1.3168746079789553-0.09890555027704949j),(0.8137214741843044+1.539189068339442j),(-0.3860740710734681+0.12110079817482981j),(0.5219638073506092+0.393164164335478j),(-1.0095576998584659+0.06923004417110387j),(0.6400192333820861-0.02462155966865604j),(1.3992274107497855-2.5244595172232622j),(-1.413629113338887+0.5483991950576083j),(1.2584304334610334+0.5329816100132299j)
1.46,(-0.8085484422186573-0.6526041140875178j),(-0.21628687782524125+0.7408064171403618j),(-1.3191085885436011-0.09643580767801897j),(0.814513740902755+1.5390532104019183j),(-0.3871610163405218+0.11963381771851782j),(0.523120900863323+0.3917378087038655j),(-1.0106394679506943+0.07186553012820492j),(0.6394165371246785-0.02645266314947426j),(1.3987198637767753-2.5260724472753258j),(-1.413390490605172+0.5504436463777019j),(1.258924123052396+0.5321522311835004j)
1.47,(-0.8112024360984993-0.6526802664640504j),(-0.21398537647721252+0.7412521894027634j),(-1.3212734493084735-0.09392320071991755j),(0.8153134723053944+1.5388945988641822j),(-0.3882843504850033+0.1181844977675978j),(0.5242689805560752+0.39026690658226293j),(-1.0116450008156437+0.07453331303708657j),(0.6387702734961487-0.02829711480567329j),(1.3981943738870062-2.5276374605767478j),(-1.4130912254579073+0.5524870371506699j),(1.2594059687985042+0.5312946375647004j)
1.48,(-0.8138393194611886-0.6527021330278058j),(-0.2116627369963238+0.741650387440041j),(-1.3233740238646152-0.09137288276089561j),(0.8161216023085127+1.5387163677917333j),(-0.3894404556345042+0.11675132144149493j),(0.525410672111977+0.388756334997306j),(-1.012579660515418+0.0772303219716005j),(0.638086168392715-0.030154378179787854j),(1.3976538868867683-2.5291567732493894j),(-1.4127360035578098+0.5545293492936834j),(1.2598804083708353+0.5304111094512318j)
1.49,(-0.8164589370504476-0.652674543858492j),(-0.20932081045294318+0.7420056135633972j),(-1.3254149128871586-0.0887894730885142j),(0.8169389968555698+1.5385212484888577j),(-0.39062623169731814+0.11533271177923872j),(0.526548545217881+0.3872102043729431j),(-1.013448454590832+0.0799539181882271j),(0.637369142857954-0.03202427241181842j),(1.397101205296369-2.5306326933116754j),(-1.4123291125764665+0.556570640889032j),(1.26035128681927+0.5295035619772551j)
1.5,(-0.8190614314246416-0.6526020023981954j),(-0.2069610489629623+0.7423221497987478j),(-1.3274004841353253-0.08617705691974503j),(0.8177664539171954+1.5383115694986274j),(-0.3918390963624412+0.1139270317394631j),(0.527685113564381+0.38563185853043574j),(-1.0142560360614121+0.08270189512607547j),(0.6366233130828005-0.03390697223923118j),(1.396538988350132-2.5320676206785904j),(-1.4118744421963338+0.558611046184124j),(1.260821856572093+0.528573545116689j)
1.51,(-0.8216472429567789-0.6524886854513808j),(-0.20458450568779643+0.7426039578867212j),(-1.329334872452427-0.08353918540097044j),(0.8186047034911887+1.5380892566029j),(-0.39307698509957145+0.11253258420040635j),(0.5288228348458123+0.38402387468835814j),(-1.015006703425397+0.08547247840688346j),(0.6358519904055481-0.035803007996958076j),(1.3959697519963983-2.533464047161683j),(-1.4113754841107378+0.5606507755914867j),(1.2612947774359935+0.5276222436832104j)
1.52,(-0.8242171098345107-0.6523384431848912j),(-0.20219183483438452+0.7428546792826587j),(-1.3312219797658644-0.08087887560798343j),(0.8194544076025189+1.53785583282232j),(-0.3943383511591093+0.11114761195991116j),(0.5299641107602518+0.38238806346259746j),(-1.0157044006597358+0.08826432583501759j),(0.6350576813118483-0.037713265617396775j),(1.3953958688975254-2.534824556469062j),(-1.4108353320238731+0.5626901156887655j),(1.2617721165960638+0.526650477330255j)
1.53,(-0.8267720680601309-0.6521547991279478j),(-0.19978329165518907+0.7430776351566142j),(-1.333065475087128-0.07819861054598766j),(0.8203161603033247+1.5376124184163171j),(-0.3956221655721572+0.10977029773542461j),(0.5311112870095179+0.3807254688663537j),(-1.0163527172200897+0.09107652739747313j),(0.6342420874347112-0.0396389866304107j),(1.3948195684298874-2.536151824205399j),(-1.410256681650805+0.564729429218725j),(1.2622553486158008+0.5256587005510165j)
1.54,(-0.8293134514505768-0.6519409501721503j),(-0.19735873244819618+0.7432758263933549j),(-1.3348687945117974-0.07550033914959743j),(0.8211904876729148+1.5373597308831077j),(-0.3969279171505199+0.10839876416399813j),(0.5322666532991701+0.37903636831014j),(-1.0169548880408317+0.09390860526387405j),(0.6334061055545054-0.041581768163328967j),(1.3942429366838756-2.537448617871926j),(-1.4096418307174676+0.5667691550892481j),(1.262745355437105+0.524647002678447j)
1.55,(-0.8318428916374281-0.6516997665714768j),(-0.1949176145569156+0.7434519335923603j),(-1.3366351412195423-0.07278547628283771j),(0.8220778478177674+1.537098084959694j),(-0.39825561248670427+0.10703107380228757j),(0.5334324433385096+0.37732027260178197j),(-1.0175137935350458+0.09676051378647306j),(0.6325498275989574-0.04354356294094648j),(1.3936679164638976-2.538717796866439j),(-1.4089926789606646+0.5688098083733365j),(1.263242426380281+0.5236151078852571j)
1.56,(-0.834362318066908-0.6514337919422833j),(-0.19245899637038075+0.7436083170678229j),(-1.3383674854741212-0.07005490273914412j),(0.8229786308715307+1.5368273926218643j),(-0.3996057759539194+0.10566522912655313j),(0.5346108348405789+0.3755759259464185j),(-1.0180319595945282+0.09963263950015155j),(0.6316725406431526-0.04552667928552384j),(1.3930963072883784-2.5399623124832944j),(-1.4083107281280693+0.5708519803091107j),(1.2637462581440373+0.5225623751839158j)
1.57,(-0.836873957999882-0.6511452432633048j),(-0.18998153732314854+0.7437470168486484j),(-1.3400685646233832-0.06730896524136289j),(0.8238931589950222+1.536547163084193j),(-0.4009794497060766+0.10429917253265941j),(0.5358039495221619+0.37380130594650113j),(-1.0185115575897858+0.10252580112241967j),(0.6307727269095346-0.04753378111678741j),(1.3925297653897593-2.5411852079134105j),(-1.4075970819782244+0.5728963382998095j),(1.2642559548054864+0.5214877984266504j)
1.58,(-0.839380336511859-0.6508360108756539j),(-0.18748349789529964+0.7438697526784549j),(-1.3417408830992654-0.06454747644175095j),(0.8248216863762298+1.5362565028000401j),(-0.40237819367778926+0.10293078633607539j),(0.5370138531037842+0.3719936236017944j),(-1.0189544043700378+0.10544124955341624j),(0.629848063767905-0.049567887951929276j),(1.3919698037144983-2.5423896182442682j),(-1.406852446280542+0.5749436259137907j),(1.2647700278201448+0.5203900063054464j)
1.59,(-0.8418842764929906-0.6505076584828221j),(-0.1849627396124382+0.7439779240155733j),(-1.3433867124177958-0.061769714921975846j),(0.8257643992303105+1.5359541154615526j),(-0.4038040855843731+0.10155789277187444j),(0.5382425553097127+0.37014932330937567j),(-1.0193619622632144+0.10838066787590883j),(0.6288954237354244-0.05163237490560725j),(1.3914177919230706-2.5435787704599093j),(-1.406077128815304+0.5769946628845305j),(1.265286396021933+0.5192672623520479j)
1.6,(-0.8443888986480714-0.6501614231506789j),(-0.18241672504569206+0.7440726100330476j),(-1.3450080911790914-0.05897442519311582j),(0.8267214157995915+1.535638301999663j),(-0.4052597209218459+0.1001782539947343j),(0.5394920098679554+0.3682640828636352j),(-1.0197353390759578+0.11134617135529373j),(0.6279108744766112-0.05373097268994489j),(1.390874956389968-2.544755983440938j),(-1.4052710393736612+0.579050345110624j),(1.265802385623175+0.5181174649379574j)
1.61,(-0.8468917696577518-0.649799972297787j),(-0.1798484069641234+0.744158446556951j),(-1.3466068254607382-0.05616548852866189j),(0.8276925888339761+1.5353134445612004j),(-0.40674034119760993+0.09879081004866727j),(0.5407646086674518+0.36634510331939185j),(-1.0200783489675425+0.11433520012810874j),(0.6269025239938651-0.055861392049573896j),(1.39034101162464-2.545919945416327j),(-1.4044378936663757+0.5811102474265064j),(1.2663222206224694+0.5169466184316015j)
1.62,(-0.84938775304452-0.6494210510153213j),(-0.1772608172273271+0.7442356560966794j),(-1.3481790291221372-0.05334491465389231j),(0.828679169257942+1.534983980467482j),(-0.40824197499196313+0.09739854851230695j),(0.5420606592125068+0.3643995474742252j),(-1.0203885488080886+0.11734483088679876j),(0.625877918268869-0.05801886702154636j),(1.3898138442221417-2.547065635320518j),(-1.4035775859087698+0.5831725904736345j),(1.2668530474548911+0.5157596300615135j)
1.6300000000000001,(-0.8518777380046925-0.6490176810217475j),(-0.17464961618011995+0.7442969230352667j),(-1.3497177187485123-0.050506674926320994j),(0.8296832792979788+1.5346457571776497j),(-0.4097712364475957+0.09600508180359173j),(0.5433784310023126+0.3624184883405453j),(-1.0206561614216767+0.12037815263417945j),(0.6248274327802159-0.06020537095489542j),(1.389292293109672-2.5481923841359553j),(-1.4026826207894336+0.585236338536463j),(1.2673935147578332+0.5145497538785996j)
1.6400000000000001,(-0.8543620564873096-0.6485835859479484j),(-0.1720113240083252+0.7443353926063025j),(-1.3512161604719055-0.04764578942090949j),(0.8307067001167726+1.5342949541110555j),(-0.411333870664061+0.0946139400750948j),(0.544715993909175+0.36039400865960364j),(-1.0208720745764799+0.1234372588213113j),(0.6237424323291832-0.06242214322002438j),(1.388775317060049-2.5492995470443067j),(-1.4017462817709831+0.587299939760162j),(1.2679422444520212+0.5133111031562013j)
1.6500000000000001,(-0.8568404626534213-0.6481132025070292j),(-0.1693433437353136+0.7443446898617581j),(-1.3526678748633267-0.044758350742669546j),(0.8317508696867509+1.5339281078476372j),(-0.41293472224872924+0.09322857247692107j),(0.5460712218427402+0.35831924889369443j),(-1.0210278583987256+0.12652322764397267j),(0.6226153216352502-0.06466966640523131j),(1.3882619908713658-2.5503864882225478j),(-1.4007626508635316+0.5893613217619371j),(1.2684978581732564+0.5120386845457329j)
1.6600000000000001,(-0.8593121328760877-0.6476016804943164j),(-0.16664396122200367+0.7443189196719858j),(-1.354066636932755-0.04184152402666313j),(0.8328168827900817+1.5335421121279191j),(-0.41457773531678777+0.0918523471567071j),(0.5474417927499947+0.3561884072261546j),(-1.0211157653726943+0.12963612204265978j),(0.6214395453360987-0.06694766631670908j),(1.3877515053669909-2.551452580842961j),(-1.3997266086246904+0.5914178916310296j),(1.2690589772724163+0.510728398076681j)
1.67,(-0.8617756657403781-0.6470448827873587j),(-0.16391234516686154+0.7442526667257201j),(-1.355406476129137-0.038893546938002496j),(0.8339054910186736+1.5331342178530116j),(-0.41626595349124074+0.09048855125962124j),(0.5488251886152663+0.3539967395613636j),(-1.0211287303407204+0.13277498970258672j),(0.6202095879876128-0.06925511197854531j),(1.3872431673955672-2.5524972070731384j),(-1.3986338341595694+0.5934665359287169j),(1.2696242228154546+0.5093770371566049j)
1.68,(-0.8642290820433723-0.6464393853459266j),(-0.16114854710590087+0.7441409955300762j),(-1.3566816763403882-0.0359137296718499j),(0.8350171027741757+1.532702033084611j),(-0.41800151990290957+0.08914039092836337j),(0.5502186954602225+0.3517405595247437j),(-1.0210603705031918+0.13593786305368571j),(0.6189209740638792-0.0715902156327226j),(1.3867363998310136-2.553519758075979j),(-1.3974808051207754+0.595503620688312j),(1.2701922155834002+0.5079822885711364j)
1.69,(-0.8666698247941595-0.6457824772120122j),(-0.15835350141268315+0.7439794504105512j),(-1.3578867758933928-0.03290245495341803j),(0.8361517832679783+1.532243523045j),(-0.41978567719043247+0.08781099130316522j),(0.5516194033438718+0.3494172384627595j),(-1.02090498541855+0.13912175927060663j),(0.6175702679571868-0.07395043273911814j),(1.3862307415725235-2.5545196340096905j),(-1.396264797708414+0.5975249914151638j),(1.2707615760723583+0.5065427324839799j)
1.7,(-0.8690947592138389-0.6450721605098299j),(-0.1555290252983174+0.7437640555110235j),(-1.3590165675540034-0.0298611780379697j),(0.8373092545212121+1.5317570101170472j),(-0.4216187675002648+0.08650339652179018j),(0.5530242063625631+0.34702520544291865j),(-1.0206575570032894+0.14232268027271733j),(0.6161550739780272-0.076332461975504j),(1.3857258475445653-2.555496244027788j),(-1.3949838866700877+0.599525973086657j),(1.2713309244935105+0.5050578424369123j)
1.71,(-0.8715001727355193-0.6443071504458155j),(-0.15267781881146034+0.743491314793753j),(-1.3600660985270405-0.026792426710817968j),(0.8384888953647481+1.5312411738442078j),(-0.4235002324866786+0.08522056971953332j),(0.5544298026499859+0.34456394725377115j),(-1.020313749531959+0.14553561272410354j),(0.6146740363550938-0.07873224523754706j),(1.3852214886968832-2.5564490062790948j),(-1.3936369453008977+0.6015013701522123j),(1.2718988807731135+0.5035279853497835j)
1.72,(-0.8738817750043193-0.6434868753086269j),(-0.1498034648383163+0.7431582120393809j),(-1.3610306704562938-0.023699801287326072j),(0.8396897414391986+1.5306950509305226j),(-0.4254286133117634+0.08396539302922143j),(0.5558326943771701+0.3420340084049097j),(-1.0198699096371606+0.14875452803356892j),(0.6131268392352829-0.08114496763880896j),(1.3847175520044956-2.557377347907743j),(-1.3922236454434425+0.6034454665332858j),(1.2724640645525007+0.5019544215205153j)
1.73,(-0.8762346978773676-0.642611476469144j),(-0.14691042910263732+0.7427622108469302j),(-1.361905839424521-0.020587974612907498j),(0.8409104851949163+1.530118035240619j),(-0.4274015506454253+0.08274066758121298j),(0.5572291877524862+0.33943699112696984j),(-1.0193230663095498+0.151972382354635j),(0.6115142066836932-0.08356505751074615j),(1.3842140404676966-2.5582807050531717j),(-1.3907444574878192+0.6053520256233698j),(1.273025095188081+0.5003393046251025j)
1.74,(-0.8785534954238027-0.641681808380468j),(-0.14400406016572304+0.7423012546338049j),(-1.3626874159534483-0.017462692063025927j),(0.8421494758919945+1.52950987779971j),(-0.4294157846653876+0.08154911350339816j),(0.5586153930216454+0.33677555537162945j),(-1.018670930897836+0.1551811165855413j),(0.6098379026836255-0.08598618640270991j),(1.3837110731120552-2.5591585228501286j),(-1.389200650371622+0.6072142902879922j),(1.2735805917513394+0.4986856817176123j)
1.75,(-0.8808321439247724-0.6406994385779223j),(-0.1410905894264207+0.7417737666357909j),(-1.363371465003771-0.014330771543195245j),(0.8434047196002675+1.5288706867935957j),(-0.43146715505719063+0.08039336992119885j),(0.5599872244676991+0.33405341881160927j),(-1.0179118971087815+0.15837165636924508j),(0.6081007311365831-0.08840126908194626j),(1.3832088849884154-2.560010255428669j),(-1.387594291579944+0.6090249828647168j),(1.2741291730288369+0.4969974932301846j)
1.76,(-0.8830640418734349-0.6396666476790525j),(-0.13817713112112529+0.7411786499070552j),(-1.3639543059751515-0.011200103488979582j),(0.8446738791993099+1.5282009275686612j),(-0.4335506010141916+0.07927599495756862j),(0.5613404004110397+0.33127535684067266j),(-1.017045041007203+0.16153391209342163j),(0.6063065358622719-0.09080246353359606j),(1.3827078271728968-2.560835365914157j),(-1.3859282471453747+0.6107763051631434j),(1.2746694575222104+0.4952795729730319j)
1.77,(-0.8852482157661065-0.6385838213680596j),(-0.13526477742875412+0.740514062528199j),(-1.3644343816133735-0.008072180503055021j),(0.8459566040880169+1.5275003098665705j),(-0.4356660455912133+0.07819679155315985j),(0.562674145696296+0.3284411495378043j),(-1.0160686241839039+0.1646648260077062j),(0.6044562994304762-0.09318795188530625j),(1.3822079379676195-2.5616355295377575j),(-1.3842027462429585+0.6124645075135582j),(1.2751992541894062+0.4935341279571757j)
1.78,(-0.8873883285260501-0.6374437377047334j),(-0.13234859794878948+0.739768007887824j),(-1.3648053717602835-0.004939664595515663j),(0.8472555477522661+1.526763011797018j),(-0.43782386239179827+0.07715887022662603j),(0.5639857012999748+0.32553835005656206j),(-1.0149715676739617+0.16776677620496436j),(0.6025389333121184-0.09556159166555327j),(1.381707954971191-2.5624123844312723j),(-1.3824108702541824+0.614087282338579j),(1.2757144616774796+0.49175399661392577j)
1.79,(-0.8894738296834689-0.6362414838778649j),(-0.1294395233192258+0.7389249115165415j),(-1.3650527714235536-0.0018104427325532912j),(0.8485687800548637+1.5259822882492848j),(-0.4400249826275262+0.07617524255978902j),(0.5652602851389863+0.3225633253585328j),(-1.0137410818969201+0.17082296335475383j),(0.6005460818517426-0.09791213091254032j),(1.3812069718882323-2.5631613368008597j),(-1.3805509345894966+0.6156306171557562j),(1.2762119092908994+0.4899352360619787j)
1.8,(-0.8914950593635136-0.6349740165440125j),(-0.12654890272007865+0.7379717519064847j),(-1.3651648490038728+0.001306959565559528j),(0.8498940858243927+1.525152328951972j),(-0.4422690771924197+0.0752570464208429j),(0.5664846147714852+0.3195144190376441j),(-1.012367597108547+0.17381714787126196j),(0.5984719715399984-0.10022903146873101j),(1.380704418851998-2.5638786861962424j),(-1.3786231672444873+0.6170817889697058j),(1.2766885634947505+0.48807533283496896j)
1.81,(-0.8934437613430415-0.6336400438801172j),(-0.12368795394206444+0.7368981106749946j),(-1.3651329064430744+0.004403936929034388j),(0.8512291349588913+1.5242682430881334j),(-0.444554941454793+0.07441323692869793j),(0.5676472892090817+0.316391581450791j),(-1.010844780713996+0.17673431849995794j),(0.5963132436832609-0.10250301818748675j),(1.380200043871019-2.5645618371514574j),(-1.376629507222284+0.6184297726412423j),(1.2771414805045986+0.4861730253220288j)
1.82,(-0.8953130830506171-0.6322400255835031j),(-0.12086776338660032+0.7356961725646186j),(-1.3649512792241352+0.007471804138567038j),(0.8525714824258527+1.5233260592952753j),(-0.446880495257252+0.07365058645298068j),(0.5687387889168423+0.31319636971783593j),(-1.009169537267805+0.17956069231759278j),(0.59406895440363-0.10472607893306675j),(1.3796939128291033-2.5652092991848585j),(-1.3745736045335601+0.619665240887378j),(1.2775678062864917+0.48422830376778775j)
1.83,(-0.8970975755665116-0.6307761728718775j),(-0.11809928606580435+0.7343607254431116j),(-1.3646173363711767+0.010501796125337394j),(0.8539185682622252+1.522322725665358j),(-0.44924278291669434+0.07297368461403388j),(0.5697514758132883+0.3099319477216088j),(-1.0073420084738982+0.18228371473219931j),(0.5917405746389306-0.10689146458062798j),(1.379186409485336-2.5658206867991136j),(-1.3724608201965325+0.6207805642813232j),(1.277964776556959+0.48224241027237313j)
1.84,(-0.8987931936227033-0.6292524484833304j),(-0.11539334560249537+0.732889160303435j),(-1.3641314804494638+0.013485067971009512j),(0.8552677175744127+1.521256109744794j),(-0.4516379732243092+0.07238493828291652j),(0.5706795932703975+0.3066030861079071j),(-1.0053655731855848+0.18489205948309223j),(0.5893319901427134-0.10899368901622522j),(1.3786782354740794-2.5663967194812076j),(-1.3702982262369618+0.6217698112524864j),(1.278329716783012+0.48021783879140967j)
1.85,(-0.9003972956028768-0.6276745666763349j),(-0.11276063423019306+0.7312814712637576j),(-1.363497147565406+0.01641269490773162j),(0.8566161405382738+1.5201249985344494j),(-0.4540613594455776+0.07188457158140382j),(0.5715192661136026+0.3032161622854956j),(-1.0032468474055598+0.18737562864086804j),(0.5868495014842536-0.11102852913681105j),(1.3781704103049717-2.566939221702439j),(-1.3680946056881524+0.6226287480864738j),(1.2786600421821435+0.4781583351360198j)
1.86,(-0.9019086435424244-0.6260499932297473j),(-0.11021171279311794+0.729540255567455j),(-1.3627208073665567+0.019275672318136098j),(0.8579609323991227+1.5189290984896429j),(-0.4565073593202719+0.0714706258819872j),(0.5722685006217924+0.29977916042610653j),(-1.0009956842859031+0.1897255526074051j),(0.584301824048552-0.11299302485023582j),(1.3776642713629288-2.5674511229184245j),(-1.3658604525909517+0.6233548389250898j),(1.278953257722327+0.47606889697282334j)
1.87,(-0.9033274031284445-0.6243879454428065j),(-0.10775701074619136+0.7276707135831098j),(-1.3618119630416132+0.022064915735339488j),(0.8592990734717286+1.5176690355201465j),(-0.4589695150624565+0.07113895980787437j),(0.572927184527311+0.29630167146443975j),(-0.9986251741280802+0.19193419011586357j),(0.5817000880363341-0.11488547907524767j),(1.3771614739081435-2.5679364575690933j),(-1.363607971993751+0.6239472457663369j),(1.279206958122019+0.47395577382393783j)
1.8800000000000001,(-0.9046551436997428-0.6226993921351348j),(-0.10540682615503547+0.7256806488045114j),(-1.360783151320417+0.02477126084294249j),(0.8606274291403158+1.5163463549901852j),(-0.4614404933604872+0.07088324923298919j),(0.5734970870159583+0.29279489309816237j),(-0.9961516443829417+0.19399512823068552j),(0.5790578384640508-0.11670545774149253j),(1.3766639910760852-2.568400365078692j),(-1.3613510799524855+0.6244068284644154j),(1.2794188278501568+0.47182646706697834j)
1.8900000000000001,(-0.9058997979331593-0.6209840723927281j),(-0.10315917971962316+0.7235618026212032j),(-1.3596387581545821+0.027400143194026946j),(0.8619488466650382+1.5149537707173197j),(-0.46392709373505125+0.07069840002389681j),(0.5739820045068473+0.2892498886062931j),(-0.9935753410395539+0.1959108786431635j),(0.576375754965183-0.11846160761321116j),(1.3761719072936607-2.5688511458945826j),(-1.3590895424033158+0.6247343028947189j),(1.2795795351289392+0.4696702465994438j)
1.9000000000000001,(-0.9070555007878763-0.619238241640728j),(-0.10103000396063527+0.7212995815365144j),(-1.3583721457718807+0.029945338186084167j),(0.8632629988628215+1.5134827968626514j),(-0.46643145443758055+0.07059684224498332j),(0.574370492490828+0.28566185753383827j),(-0.9908917199371773+0.19766840087173812j),(0.573645971667205-0.12014955716609714j),(1.375683478759684-2.5692850658761923j),(-1.3568266692772932+0.624924172004945j),(1.2796851956259963+0.4674819430891398j)
1.9100000000000001,(-0.9081042203897124-0.6174732258810096j),(-0.09905852158586133+0.7189019326998461j),(-1.3569866740399075+0.032377231910495144j),(0.8645603086701156+1.5119369129959463j),(-0.46893389745793734+0.07059428441538046j),(0.5746445826135127+0.2820558789824375j),(-0.9881195706176169+0.19923904522555982j),(0.5708763135407617-0.12174932322274959j),(1.3751990407835253-2.5696903710479537j),(-1.3545872393156713+0.6249715326789095j),(1.2797436842484435+0.46528331158655944j)
1.92,(-0.9090324823306289-0.6156998383841693j),(-0.09727816443475965+0.7163783923485426j),(-1.3554883274759264+0.03467154814979796j),(0.8658326620415673+1.510318779890132j),(-0.47141683892463465+0.07070230369968383j),(0.5747907987057923+0.2784538912934308j),(-0.9852781244968687+0.20060057525018765j),(0.5680749436289951-0.12324551276405823j),(1.3747191904635172-2.57005845283573j),(-1.3523930853665374+0.6248745614624898j),(1.27976108071379+0.4630919028602558j)
1.93,(-0.9098314037820081-0.6139283319609017j),(-0.09571650750878627+0.7137400190548464j),(-1.3538856830128787+0.03680941865205044j),(0.8670734353987956+1.508630202052422j),(-0.4738648531013239+0.07092834150645545j),(0.574800173262205+0.2748746018358106j),(-0.9823869842050781+0.2017372147122961j),(0.565250311281199-0.12462736766658918j),(1.3742447797785011-2.57038386847089j),(-1.3502630282498604+0.6246345146167744j),(1.2797416359574003+0.4609209804094658j)
1.94,(-0.910496693494652-0.612168398962001j),(-0.09439526897139527+0.7109993937258994j),(-1.352189909999381+0.03877738313082982j),(0.8682774956303917+1.5068721277243153j),(-0.4762646723867948+0.07127570348822378j),(0.5746682474409364+0.2713334870062223j),(-0.9794661235865396+0.20263964759967515j),(0.5624111521528193-0.1258887647025846j),(1.3737769155878254-2.5706643409903034j),(-1.3482128767574906+0.6242557281180633j),(1.2796877721324964+0.45877952046410997j)
1.95,(-0.9110286517987836-0.6104291712783602j),(-0.09333031014803851+0.708170619603742j),(-1.3504147701997276+0.040567389265233j),(0.8694412000919194+1.5050446488815978j),(-0.47860518731497526+0.07174355954148366j),(0.5743950710638187+0.26784279222896384j),(-0.9765358876996976+0.20330501812123017j),(0.559566488205454-0.12702821553996285j),(1.3733169596313468-2.5709007592363444j),(-1.3462554276531598+0.6237456176578672j),(1.279600082610156+0.4566722119847929j)
1.96,(-0.9114321706040457-0.6087192203409708j),(-0.09253163552616572+0.7052693222653134j),(-1.3485766177938885+0.04217679269987646j),(0.8705623966059145+1.5031470012343404j),(-0.48087744655493153+0.0723269438066964j),(0.5739852026163318+0.26441153195598593j),(-0.9736169928171453+0.20373693070698198j),(0.556725627706853-0.1280488667423186j),(1.3728665285294288-2.571097177856891j),(-1.3444004656724813+0.6231146786429083j),(1.2794773319793136+0.4545994566628028j)
1.97,(-0.9117167333995021-0.6070465571209235j),(-0.09200339275522453+0.702312649622452j),(-1.3466943993775107+0.04360835704489629j),(0.8716404234618853+1.5011775642269003j),(-0.4830746569108682+0.0730167546682897j),(0.5734477092476022+0.26104548966689184j),(-0.9707305264256254+0.20394545000806694j),(0.5538981652309183-0.12895849976892265j),(1.3724274937829433-2.5712608173053244j),(-1.3426547635229502+0.6223764861951195j),(1.2793164560467603+0.45255736892011167j)
1.98,(-0.9118964152536365-0.6054186321294079j),(-0.0917438726466604+0.6993192719218947j),(-1.344789653961917+0.04487025387594814j),(0.872676109416312+1.4991338610379206j),(-0.48519218332212816+0.07379975475465769j),(0.5727961667704039+0.25774721786893745j),(-0.9678979472260303+0.20394710089673673j),(0.5510939816577037-0.12976953097472205j),(1.3720019817732696-2.5714020638405284j),(-1.341022081883943+0.6215476951516455j),(1.2791125618371437+0.45053777590937527j)
1.99,(-0.9119898828143533-0.6038423354177125j),(-0.09174550917391668+0.6963093817452772j),(-1.3428865129741079+0.04597606273420726j),(0.8736717736926475+1.4970125585803302j),(-0.4872275488631926+0.07465857093816093j),(0.5720486596611578+0.25451603809703144j),(-0.9651410851334011+0.20376486846635858j),(0.5483232441734153-0.13049901161033997j),(1.3715923737622946-2.5715344695268914j),(-1.3395031694067172+0.6206480400648418j),(1.2788589275929678+0.4485282175139332j)
2.0,(-0.9120201189559881-0.6023240548353245j),(-0.09199517867885618+0.6933047902392635j),(-1.3410116029165369+0.04694446790245758j),(0.8746311581576863+1.494809607911462j),(-0.48918021344901297+0.07557190850500284j),(0.5712275746359621+0.2513482689556641j),(-0.9624822043791768+0.2034279249845428j),(0.5455963922188082-0.13116834203517425j),(1.371201282487044-2.5716745140445205j),(-1.3380959433393391+0.6197002342040221j),(1.2785471730884952+0.44651231028303384j)
