t,B00_z_0000_00,B00_z_0001_00,B00_z_0002_00,B00_z_0003_00,B00_z_0004_00,B00_z_0005_00,B00_z_0006_00,B00_z_0007_00,B00_z_0008_00,B01_z_0000_00,B01_z_0001_00
0.0,(1+0j),0j,(-1.08295707455756-0.4801343657558115j),(0.6349506997948513-0.34926467266541056j),(0.08655631386526616-0.2012553831888471j),(0.6327735084397282+0.4918486836797998j),(-0.07181409029909566-0.9979100544022981j),(-0.7451183207811942-0.31422824357049717j),(-0.5166953491343521+0.6037892365331485j),(1+0j),0j
0.01,(1.0000000500954844-3.3543693387472452e-06j),(6.401974242727538e-05-0.014982554797423669j),(-1.0993074325106607-0.4790274417183469j),(0.642662881642694-0.3582610842693188j),(0.08870333424127472-0.21605293525637476j),(0.6226681167576477+0.48052130325544073j),(-0.0741619196449659-1.0280775276242635j),(-0.7516696023748545-0.3237010862538274j),(-0.5088420509523535+0.586380714658116j),(1.0000000500954844-3.3543693387472452e-06j),(6.401974242727538e-05-0.014982554797423669j)
0.02,(1.0000002000959196-6.702813140589869e-06j),(0.0002559524119167796-0.02995035405371023j),(-1.1158694084619456-0.4772188190509942j),(0.650602635287105-0.36724698403206135j),(0.09099726943890107-0.2309074484389982j),(0.612875535216717+0.4692641121683493j),(-0.07693486095683741-1.0591101104598324j),(-0.7585042801898141-0.33303679946675535j),(-0.5014746717003764+0.5690977347871741j),(1.0000002000959196-6.702813140589869e-06j),(0.0002559524119167796-0.02995035405371023j)
0.03,(1.0000004491464645-1.0039456432572327e-05j),(0.0005754185446198455-0.0448886700560046j),(-1.1325963152879586-0.47468512484395364j),(0.6587631848054131-0.37620703992069326j),(0.09343658932826945-0.2458047177516895j),(0.6033978049404521+0.45809393457194214j),(-0.08016560820350616-1.0910148669411441j),(-0.765617548275442-0.342216270358844j),(-0.49457730674314887+0.551961585503513j),(1.0000004491464645-1.0039456432572327e-05j),(0.0005754185446198455-0.0448886700560046j)
0.04,(1.0000007958330421-1.3358524609357486e-05j),(0.0010217864028198719-0.05978283032816343j),(-1.1494383522096172-0.4714070748595465j),(0.6671365531764325-0.3851260522736685j),(0.0960193119653171-0.2607303519249862j),(0.594235692336836+0.44702714266638555j),(-0.08388852063212465-1.123796857729716j),(-0.7730031383916356-0.3512204958803565j),(-0.48813341439879615+0.5349919315753245j),(1.0000007958330421-1.3358524609357486e-05j),(0.0010217864028198719-0.05978283032816343j)
0.05,(1.0000012381981351-1.665439173675896e-05j),(0.0015941730415574289-0.07461824427498581j),(-1.1663430082862338-0.4673699322570272j),(0.6757135562772992-0.3939890399958666j),(0.09874299131297515-0.2756697719868838j),(0.5853887693243226+0.4360795968118446j),(-0.0881396017628703-1.1574588215727513j),(-0.7806532926763573-0.36003070558905864j),(-0.48212596729214974+0.518206861822062j),(1.0000012381981351-1.665439173675896e-05j),(0.0015941730415574289-0.07461824427498581j)
0.06,(1.0000017737625204-1.992162664460013e-05j),(0.002291445831745248-0.08938042885975589j),(-1.1832555430614942-0.4625639188568449j),(0.6844838073949938-0.40278132936679617j),(0.10160470782854907-0.2906082119804122j),(0.576855495466917+0.4252665927121571j),(-0.09295645621362135-1.1920008331657779j),(-0.78855874999238-0.36862849036482975j),(-0.47653759041309535+0.5016229435780428j),(1.0000017737625204-1.992162664460013e-05j),(0.002291445831745248-0.08938042885975589j)
0.07,(1.0000023995525762-2.3155036153048916e-05j),(0.0031122244752459804-0.10405503330384233j),(-1.2001195388497226-0.45698456456782544j),(0.6934357331229349-0.4114886446884531j),(0.1046010623725916-0.3055307232440274j),(0.5686333009988291+0.4146028150897454j),(-0.09837822063193852-1.2274199397354502j),(-0.7967087474981372-0.3769959357687832j),(-0.4713506860076646+0.48525528165884635j),(1.0000023995525762-2.3155036153048916e-05j),(0.0031122244752459804-0.10405503330384233j)
0.08,(1.000003112132709-2.6349704837754393e-05j),(0.004054883564077376-0.11862786301519414j),(-1.2168775161739946-0.4506329812582652j),(0.7025566014288932-0.42009719984526767j),(0.10772817385081683-0.3204221836134689j),(0.5607186698701166+0.4041022972191402j),(-0.10444546483178231-1.2637097796281793j),(-0.8050910388510786-0.38511575850767094j),(-0.4665475456642032+0.46911757996426573j),(1.000003112132709-2.6349704837754393e-05j),(0.004054883564077376-0.11862786301519414j)
0.09,(1.000003907642367-2.950103081650135e-05j),(0.0051175557552222625-0.1330849031725053j),(-1.2334716009524271-0.44351604868330874j),(0.7118325625652067-0.4285937897030099j),(0.11098168094523493-0.3352673127808343j),(0.553107222084374+0.39377838566071055j),(-0.11120005915181568-1.3008601873058216j),(-0.8136919302562348-0.39297144419924007j),(-0.4621104501368242+0.4532222040812654j),(1.000003907642367-2.950103081650135e-05j),(0.0051175557552222625-0.1330849031725053j)
0.1,(1.0000047818370463-3.2604757126540446e-05j),(0.006298135653036673-0.147412342589145j),(-1.2498442293437526-0.43564650208801403j),(0.721248703344913-0.4369658801432734j),(0.11435674822710544-0.35005069487834145j),(0.5457937947253081+0.3836437095351081j),(-0.11868500410572397-1.3388567904062967j),(-0.8224963353170398-0.4005473843918856j),(-0.4580217575785851+0.43758024347627217j),(1.0000047818370463-3.2604757126540446e-05j),(0.006298135653036673-0.147412342589145j)
0.11,(1.0000057301326497-3.565699835381187e-05j),(0.0075942845109863094-0.16159659863462678j),(-1.2659388738805466-0.42704291374411335j),(0.7307891151283379-0.44520169542222227j),(0.11784807687604114-0.3647568091512789j),(0.5387725211794899+0.3737101536992657j),(-0.12694421862166066-1.377680605912389j),(-0.8314878493317114-0.40782901058494175j),(-0.4542639809433246+0.4222015720847695j),(1.0000057301326497-3.565699835381187e-05j),(0.0075942845109863094-0.16159659863462678j)
0.12,(1.000006747652519-3.865426227779099e-05j),(0.00900343588114023-0.17562434408582528j),(-1.281700772800836-0.41772956385685484j),(0.7404369756557975-0.4532903014635205j),(0.12144992015992206-0.3793700693581433j),(0.5320369081573126+0.36398883522313963j),(-0.1360222836093701-1.417307643961766j),(-0.8406488433114948-0.4148029228368206j),(-0.4508198553642444+0.4070949063155711j),(1.000006747652519-3.865426227779099e-05j),(0.00900343588114023-0.17562434408582528j)
0.13,(1.000007829276451-4.1593466391168944e-05j),(0.010522802351299319-0.1894825368064171j),(-1.2970776434748044-0.40773619985945797j),(0.7501746446269228-0.46122168365211763j),(0.12515610376188147-0.39387487229660356j),(0.5255799101936502+0.35449008261928483j),(-0.14596413829206953-1.4577085293864396j),(-0.8499605775847436-0.4214570104487405j),(-0.447672396335617+0.39226785968622546j),(1.000007829276451-4.1593466391168944e-05j),(0.010522802351299319-0.1894825368064171j)
0.14,(1.0000089696909995-4.4471949257287644e-05j),(0.01214938351397558-0.20315845310904065j),(-1.312020360613687-0.3970976869216782j),(0.7599837726708658-0.4689868176932506j),(0.12896005097534136-0.40825565561114807j),(0.5193940013750243+0.3452234173413781j),(-0.1568147277357677-1.4988481526345447j),(-0.859403334404098-0.42778056218233323j),(-0.4448049495178013+0.3777269934942097j),(1.0000089696909995-4.4471949257287644e-05j),(0.01214938351397558-0.20315845310904065j)
0.15,(1.000010163440383-4.72874767625938e-05j),(0.013879975307393098-0.21663972554465957j),(-1.3264835805947053-0.3858535563343625j),(0.7698454230809717-0.4765777321437958j),(0.13285481272676397-0.42249696479978754j),(0.5134712440928216+0.3361975371396618j),(-0.16861860133514-1.540685363227045j),(-0.86895656850668-0.43376436351805486j),(-0.44220123296098374+0.3634778631055305j),(1.000010163440383-4.72874767625938e-05j),(0.013879975307393098-0.21663972554465957j)
0.16,(1.0000114049773388-5.003824341355734e-05j),(0.015711180855705636-0.22991438569686745j),(-1.340426294735009-0.37404746208079487j),(0.7797402054104507-0.4839875613134239j),(0.1368331023283378-0.4365835291088318j),(0.5078033546641149+0.32742030093782826j),(-0.18141946369506903-1.5831727202431527j),(-0.8785990741053019-0.43940077859319565j),(-0.439845372505079+0.3495250596076255j),(1.0000114049773388-5.003824341355734e-05j),(0.015711180855705636-0.22991438569686745j)
0.17,(1.0000126887133058-5.272286890866252e-05j),(0.017639422913930284-0.24297091234824117j),(-1.3538122966368982-0.3617265591606105j),(0.7896484197511404-0.49121058737138673j),(0.1408873348082973-0.4505003457905886j),(0.5023817656948946+0.31889871497421757j),(-0.1952596813865964-1.6262563153990885j),(-0.8883091663298739-0.44468381467491364j),(-0.4377219310666179+0.3358722467264021j),(1.0000126887133058-5.272286890866252e-05j),(0.017639422913930284-0.24297091234824117j)
0.18,(1.000014009067367-5.534039029318281e-05j),(0.019660957993584673-0.2557982851461295j),(-1.3666105516890352-0.3489408199080357j),(0.79955021025527-0.4982422706795153j),(0.1450096706134796-0.46423277200138424j),(0.4971976850869631+0.3106389200277276j),(-0.2101797514387323-1.6698756849581124j),(-0.8980648747109536-0.4496091673226806j),(-0.43581593247201317+0.32252219304698504j),(1.000014009067367-5.534039029318281e-05j),(0.019660957993584673-0.2557982851461295j)
0.19,(1.000015360513433-5.789025006389109e-05j),(0.021771892209141268-0.2683860436416823j),(-1.378795460280688-0.33574230649593834j),(0.8094257262199548-0.5050792675991641j),(0.14919206342531638-0.4777666234380338j),(0.4922421516111957+0.3026461796232473j),(-0.22621774010807422-1.7139638268483144j),(-0.9078441459199251-0.4541742447691411j),(-0.4341128804432863+0.309476799703217j),(1.000015360513433-5.789025006389109e-05j),(0.021771892209141268-0.2683860436416823j)
0.2,(1.0000167376252205-6.037228064406366e-05j),(0.023968198844997346-0.28072435132292367j),(-1.3903470100718724-0.32218441894292504j),(0.8192552888453302-0.5117194352831417j),(0.1534263117751302-0.4910882786506554j),(0.4875060869879685+0.2949248691807611j),(-0.24340870336740522-1.7584473388295647j),(-0.9176250526695721-0.4583781704878525j),(-0.43259877328933766+0.29673712381105294j),(1.0000167376252205-6.037228064406366e-05j),(0.023968198844997346-0.28072435132292367j)
0.21,(1.0000181351186375-6.278668568859505e-05j),(0.026245737599694396-0.29280406402300435j),(-1.4012508165481359-0.3083211382015625j),(0.8290195616082354-0.5181618232547934j),(0.1577041140862212-0.5041847878291658j),(0.4829803444316834+0.2874784661349642j),(-0.26178410355587534-1.803246692212473j),(-0.9273860054494336-0.4622217634060756j),(-0.43126011480463083+0.2843033980147003j),(1.0000181351186375-6.278668568859505e-05j),(0.026245737599694396-0.29280406402300435j)
0.22,(1.0000195478912608-6.513401870361495e-05j),(0.028600275420585453-0.30461680186892803j),(-1.4114980548615077-0.29420628331905585j),(0.8386997220712528-0.524406651885216j),(0.1620171267083822-0.5170439847407257j),(0.47865575363162666+0.2803095411070719j),(-0.2813712395824271-1.8482766533836605j),(-0.9371059636336179-0.4657074957429637j),(-0.43008392182863936+0.27217504659091474j),(1.0000195478912608-6.513401870361495e-05j),(0.028600275420585453-0.30461680186892803j)
0.23,(1.00002097105866-6.741515948038936e-05j),(0.031027508799868417-0.3161550237520575j),(-1.4210852894226065-0.2798928002992842j),(0.8482776328769697-0.5304552781945984j),(0.16635702444569447-0.5296546003969891j),(0.47452316215677964+0.2734197502566877j),(-0.30219271078123106-1.893446862165067j),(-0.9467646424619724-0.46883942898808234j),(-0.42905772887404414+0.26035069861587096j),(1.00002097105866-6.741515948038936e-05j),(0.031027508799868417-0.3161550237520575j)
0.24,(1.000022399987388-6.963128884499459e-05j),(0.033523087363450825-0.32741210315510355j),(-1.430014210697864-0.26543209827481046j),(0.8577360096627239-0.5363101497126654j),(0.17071556301222138-0.5420063769548169j),(0.47057347328831733+0.2668098289786509j),(-0.3242659367662622-1.9386625718173123j),(-0.9563427124613761-0.4716231290609357j),(-0.42816959018962664+0.24882819874053613j),(1.000022399987388-6.963128884499459e-05j),(0.033523087363450825-0.32741210315510355j)
0.25,(1.0000238303245248-7.178386221743605e-05j),(0.03608263854875921-0.3383824040643353j),(-1.4382912910568222-0.2508734460709608j),(0.8670585836727123-0.5419747474236861j),(0.1750846427849451-0.5540901803040886j),(0.4667976803008351+0.26047958713760705j),(-0.34760275719099704-1.98382555034506j),(-0.9658219880402931-0.47406556218778817j),(-0.4274080795850807+0.2376046161450346j),(1.0000238303245248-7.178386221743605e-05j),(0.03608263854875921-0.3383824040643353j)
0.26,(1.000025258023719-7.387458245314964e-05j),(0.03870179313731873-0.3490613556316817j),(-1.4459273732313815-0.23626343938259914j),(0.8762302569407481-0.5474535190815955j),(0.17945637316215146-0.5658981097734718j),(0.46318689723209094+0.2544279060517999j),(-0.3722091359619641-2.0288351368136355j),(-0.9751856022497766-0.47617497347749876j),(-0.42676228830947793+0.22667625225109453j),(1.000025258023719-7.387458245314964e-05j),(0.03870179313731873-0.3490613556316817j)
0.27,(1.0000266793677282-7.590537241333434e-05j),(0.04137621138339114-0.35944552422882553j),(-1.45293720596439-0.2216455457640903j),(0.8852372480645102-0.5527518043996466j),(0.18382313678212894-0.5774236033915171j),(0.4597323862013463+0.2486527374477233j),(-0.39808499398176367-2.0735894398648522j),(-0.9844181650466881-0.4779607505556061j),(-0.42622182124280317+0.21603864776572262j),(1.0000266793677282-7.590537241333434e-05j),(0.04137621138339114-0.35944552422882553j)
0.28,(1.0000280909875054-7.7878347675158e-05j),(0.04410160946161314-0.3695326815525984j),(-1.4593389417573137-0.20705973162212035j),(0.8940672267852379-0.557875753787616j),(0.18817765281538357-0.5886615371778662j),(0.4564255813581743+0.2431511046094291j),(-0.4252241927599421-2.1179866588329936j),(-0.993505902805197-0.47943327491118415j),(-0.4257767916308009+0.20568658961048125j),(1.0000280909875054-7.7878347675158e-05j),(0.04410160946161314-0.3695326815525984j)
0.29,(1.0000294898779225-7.979578974964313e-05j),(0.04687378594467498-0.3793218674952359j),(-1.4651536113330945-0.19254217254799494j),(0.9027094358182576-0.5628322424210512j),(0.1925130385173342-0.5996083170087029j),(0.45325810956671414+0.2379191059412747j),(-0.4536146881567417-2.161926501185563j),(-1.0024367772831615-0.48060376381380043j),(-0.42541781456737926+0.1956141182610577j),(1.0000294898779225-7.979578974964313e-05j),(0.04687378594467498-0.3793218674952359j)
0.3,(1.000030873410253-8.166012013085036e-05j),(0.04968864801672263-0.3888134465808307j),(-1.4704045885979031-0.1781250457516432j),(0.9111547986411442-0.5676287814771304j),(0.19682286822093775-0.6102619617019421j),(0.450221807954497+0.2329519211516232j),(-0.4832388691396591-2.2053116638696957j),(-1.0112005827416093-0.4814841057626374j),(-0.42513599940609426+0.18581453598323588j),(1.000030873410253-8.166012013085036e-05j),(0.04968864801672263-0.3888134465808307j)
0.31,(1.000032239341569-8.3473875447474e-05j),(0.05254223712933508-0.3980091568865434j),(-1.475117058621359-0.16383640115264111j),(0.9193960122286042-0.5722734283588613j),(0.201101228962474-0.6206221761000903j),(0.4473087384797686+0.22824382024845338j),(-0.5140740908702186-2.2480493409677766j),(-1.0197890204185398-0.48208669243565494j),(-0.4249229412628894+0.1762804164059083j),(1.000032239341569-8.3473875447474e-05j),(0.05254223712933508-0.3980091568865434j)
0.32,(1.000033585821224-8.523968393812155e-05j),(0.05543075381450154-0.4069121505093031j),(-1.4793174995755956-0.14970010589934055j),(0.9274276240171209-0.5767746976548983j),(0.20534277197040343-0.6306904130901173j),(0.4445111996962247+0.22378817551699642j),(-0.5460934049446275-2.290052716260437j),(-1.0281957500535581-0.48242425001736305j),(-0.4247707117563838+0.16700361582130582j),(1.000033585821224-8.523968393812155e-05j),(0.05543075381450154-0.4069121505093031j)
0.33,(1.0000349113946074-8.69602434167641e-05j),(0.058350581382773443-0.4155270248010459j),(-1.4830331877964176-0.135735855748989j),(0.9352460926789941-0.5811414744501692j),(0.2095427593072839-0.6404699236868234j),(0.4418217359187215+0.21957747662536917j),(-0.579266482534892-2.3312423971963754j),(-1.0364164186298688-0.4825096726073534j),(-0.42467184911961653+0.15797528654892457j),(1.0000349113946074-8.69602434167641e-05j),(0.058350581382773443-0.4155270248010459j)
0.34,(1.0000362150043731-8.86383008444386e-05j),(0.061298308254362444-0.423859843773015j),(-1.4862917332645045-0.12195924584460982j),(0.9428498325763536-0.5853829314191449j),(0.2136971050375023-0.6499657945147237j),(0.4392331440172276+0.21560334897765104j),(-0.6135607189421788-2.371547746600449j),(-1.0444486669297224-0.48235586015974036j),(-0.42461934780819166+0.1491858926442341j),(1.0000362150043731-8.86383008444386e-05j),(0.061298308254362444-0.423859843773015j)
0.35000000000000003,(1.0000374959893354-9.027663357078586e-05j),(0.06427074869594061-0.4319181492571954j),(-1.4891206509479913-0.10838189294043482j),(0.9502392420436665-0.5895084509073275j),(0.21780241039716808-0.6591849722482338j),(0.4367384780884266+0.211856575405808j),(-0.648942501150042-2.4109080702973094j),(-1.0522921148763178-0.4819755630903528j),(-0.42460664772404666+0.14062522817747486j),(1.0000374959893354-9.027663357078586e-05j),(0.06427074869594061-0.4319181492571954j)
0.36,(1.0000387540812388-9.187803226048598e-05j),(0.06726496176568822-0.4397109616054933j),(-1.4915469716799794-0.09501160101180216j),(0.9574167159060732-0.5935275529472249j),(0.22185599256397337-0.6681362748050111j),(0.4343310522742959+0.2083271212630705j),(-0.6853786138189977-2.4492736226121044j),(-1.0599483269505474-0.48138123532991467j),(-0.4246276231712489+0.13228243825278854j),(1.0000387540812388-9.187803226048598e-05j),(0.06726496176568822-0.4397109616054933j)
0.37,(1.0000399893995922-9.344528547678491e-05j),(0.07027826830300445-0.44724876989982787j),(-1.4935968946274123-0.08185256238143974j),(0.9643866428757328-0.5974498298735427j),(0.22585590676028522-0.6768303893264136j),(0.43200444201403826+0.20500416295247245j),(-0.7228377542166071-2.486606397198602j),(-1.067420759219366-0.48058489721442527j),(-0.4246765716598552+0.12414604288443754j),(1.0000399893995922-9.344528547678491e-05j),(0.07027826830300445-0.44724876989982787j)
0.38,(1.0000412024447587-9.498116584972908e-05j),(0.07330826583639108-0.45454351183413316j),(-1.495295481984767-0.06890558694019226j),(0.9711553886757122-0.6012848879097277j),(0.2298009615676319-0.6852798572157676j),(0.4297524840292833+0.20187611989579446j),(-0.7612921231597831-2.5228806774637924j),(-1.0747146896918716-0.47959800920526074j),(-0.4247482026753603+0.11620396379563355j),(1.0000412024447587-9.498116584972908e-05j),(0.07330826583639108-0.45454351183413316j)
0.39,(1.0000423940894778-9.64884177228156e-05j),(0.07635284132237376-0.46160854360796666j),(-1.4966663953234771-0.05616835267382j),(0.9777312659185704-0.6050422958053454j),(0.23369072748009537-0.6934990467332581j),(0.42756927535191636+0.19893068992054783j),(-0.8007190573660067-2.558083328523826j),(-1.0818371338302524-0.4784313570370583j),(-0.424837626533933+0.10844355415700033j),(1.0000423940894778-9.64884177228156e-05j),(0.07635284132237376-0.46160854360796666j)
0.4,(1.000043565568987-9.796974613984186e-05j),(0.07941018166887723-0.468458600337048j),(-1.497731672057235-0.043635671468737536j),(0.9841244919134817-0.6087315403213797j),(0.23752553887277805-0.7015041138599676j),(0.42544917170870034+0.19615488801617434j),(-0.84110266873074-2.5922138205934546j),(-1.088796747089099-0.47709494851554446j),(-0.4249403434467486+0.10085163123629676j),(1.000043565568987-9.796974613984186e-05j),(0.07941018166887723-0.468458600337048j)
0.41000000000000003,(1.0000447184698955-9.9427807005975e-05j),(0.08247878203711946-0.47510974763522895j),(-1.4985115397433133-0.03129976500416873j),(0.9903471356912968-0.6123619880975879j),(0.24130648970447244-0.7093129523377918j),(0.42338678557656007+0.19353508838550937j),(-0.8824354578832672-2.6252839814210596j),(-1.0956037163436585-0.47559792184242j),(-0.425052232919516+0.09341451188894188j),(1.0000447184698955-9.9427807005975e-05j),(0.08247878203711946-0.47510974763522895j)
0.42,(1.000045854717951-0.0001008651982392225j),(0.08555745195571861-0.48157932515239377j),(-1.4990242654202097-0.019150546399163127j),(0.9964130556218549-0.6159428532002681j),(0.24503542340630055-0.7169451339624221j),(0.4213769842166538+0.19105706969382685j),(-0.9247198726970897-2.6573174823112677j),(-1.1022696420024334-0.4739484650401502j),(-0.4251695436150186+0.08611805078025117j),(1.000045854717951-0.0001008651982392225j),(0.08555745195571861-0.48157932515239377j)
0.43,(1.000046976564824-0.00010228445171144493j),(0.08864531931824941-0.4878858829616148j),(-1.499286036864865-0.00717590413119301j),(1.00233782905315-0.6194831694461834j),(0.24871491752640854-0.7244218403500533j),(0.4194148879838798+0.18870606339543672j),(-0.9679697869023342-2.68834906798235j),(-1.1088074124899796-0.4721537457934654j),(-0.4252888838064632+0.07894768119516438j),(1.000046976564824-0.00010228445171144493j),(0.08864531931824941-0.4878858829616148j)
0.44,(1.0000480865740229-0.00010368802577077919j),(0.09174183236995939-0.49404911177527044j),(-1.4993108725166995+0.004638014452264312j),(1.008138675428995-0.6229917664331451j),(0.2523482638015858-0.7317657875128527j),(0.41749586919114334+0.18646680499672932j),(-1.0122118791414347-2.7184235446504568j),(-1.115231072640134-0.47021985082150153j),(-0.4254072125470778+0.0718884582596231j),(1.0000480865740229-0.00010368802577077919j),(0.09174183236995939-0.49404911177527044j)
0.45,(1.0000491876060316-0.00010507829813240143j),(0.09484675981991231-0.5000897680332864j),(-1.4991105568366625+0.016306521969978047j),(1.013834374342166-0.6264772480821535j),(0.2559394444076269-0.7390011446624537j),(0.4156155517845083+0.18432358809459004j),(-1.0574868982524053-2.747594543107159j),(-1.1215556873664667-0.4681517337474122j),(-0.42552183167626145+0.06492510436960035j),(1.0000491876060316-0.00010507829813240143j),(0.09484675981991231-0.5000897680332864j)
0.46,(1.0000502828027595-0.00010645755892965637j),(0.09796018924078277-0.5060295949473943j),(-1.498694598022733+0.027846113477427596j),(1.01944517995528-0.6299479724105206j),(0.2594931052000415-0.7461534487148713j),(0.4137698120564183+0.18226032101003173j),(-1.1038508057708187-2.775923074080575j),(-1.1277972017833888-0.46595317034148176j),(-0.4256303787743723+0.05804205659902981j),(1.0000502828027595-0.00010645755892965637j),(0.09796018924078277-0.5060295949473943j)
0.47000000000000003,(1.000051375571366-0.00010782800372169155j),(0.10108252393939224-0.5118912406042115j),(-1.4980702052646142+0.039274193297464136j),(1.0249927331734356-0.6334120312088712j),(0.2630145267949981-0.7532495159953161j),(0.4119547805897454+0.18026058581847118j),(-1.1513757911423423-2.8034758918849243j),(-1.1339722987452994-0.4636267199780028j),(-0.4257308211668091+0.05122351583644969j),(1.000051375571366-0.00010782800372169155j),(0.10108252393939224-0.5118912406042115j)
0.48,(1.0000524695675161-0.00010919172626996179j),(0.10421447849656779-0.5176981742284926j),(-1.4972422830668892+0.050608806476808314j),(1.0304999728825275-0.6368772282846832j),(0.26650959435772753-0.7603173526393041j),(0.41016684558592326+0.17830769956008302j),(-1.200151158501172-2.830323679416196j),(-1.140098254558958-0.46117369216277204j),(-0.42582145106343927+0.04445349738197137j),(1.0000524695675161-0.00010919172626996179j),(0.10421447849656779-0.5176981742284926j)
0.49,(1.0000535686781091-0.00011055071091119428j),(0.10735707318494699-0.5234746016880146j),(-1.4962134405804959+0.06186837477615732j),(1.0359910474764933-0.6403510549572536j),(0.2699847669634365-0.7673860651598534j),(0.40840265768638256+0.17638477739587685j),(-1.2502840857139088-2.856539063177819j),(-1.1461927934115603-0.4585941170532752j),(-0.42590088190187303+0.03771588272112407j),(1.0000535686781091-0.00011055071091119428j),(0.10735707318494699-0.5234746016880146j)
0.5,(1.0000546770035057-0.00011190682437793763j),(0.11051162747807151-0.529245381285547j),(-1.4949840143377489+0.07307143684614593j),(1.0414912277870303-0.6438406615389275j),(0.27344704737619435-0.7744857726025833j),(0.40665913634862283+0.1744747974574006j),(-1.3019002563848632-2.8821944615240978j),(-1.1522739408487221-0.45588671900305255j),(-0.42596804594294957+0.030994472180127006j),(1.0000546770035057-0.00011190682437793763j),(0.11051162747807151-0.529245381285547j)
0.51,(1.0000557988392698-0.00011326180694180398j),(0.11367975286382397-0.5350359408337316j),(-1.4935521032687546+0.084236392086344j),(1.0470268224017178-0.6473528236097705j),(0.2769039530569334-0.7816475216447515j),(0.40493347778733746+0.17256066712016013j),(-1.3551443633888236-2.907359763051849j),(-1.158359876436893-0.45304889231056705j),(-0.4260221931446144+0.02427303815812666j),(1.0000557988392698-0.00011326180694180398j),(0.11367975286382397-0.5350359408337316j)
0.52,(1.0000569386574243-0.00011461726278585105j),(0.11686334517043834-0.5408721969481071j),(-1.4919136153708807+0.09538124762690531j),(1.0526250962122783-0.6508939019820259j),(0.2803634891657078-0.7889032059144129j),(0.4032231644380064+0.17062529041294014j),(-1.4101804780054796-2.932099825465704j),(-1.16446878555732-0.4500766785362523j),(-0.4260628913167624+0.017535378625853547j),(1.0000569386574243-0.00011461726278585105j),(0.11686334517043834-0.5408721969481071j)
0.53,(1.0000581010872116-0.0001159746495433027j),(0.12006457660456507-0.5467804774245953j),(-1.490062325892996+0.10652336790886772j),(1.0583141928750144-0.6544697953510864j),(0.28383412426898036-0.7962854907157563j),(0.40152597584634586+0.16865163625727933j),(-1.467192271678171-2.956471778761387j),(-1.1706187101068077-0.44696474496456334j),(-0.4260900275353318+0.010765370576953339j),(1.0000581010872116-0.0001159746495433027j),(0.12006457660456507-0.5467804774245953j)
0.54,(1.0000592908953343-0.00011733526697474572j),(0.12328588768889907-0.552787447493061j),(-1.4879899473682368+0.11767922646550845j),(1.0641230616913742-0.6580858847360809j),(0.28732476940333185-0.8038277442499553j),(0.39984000083311066+0.16662280721356482j),(-1.5263830676486299-2.980522110761165j),(-1.1768273977272254-0.44370636402633296j),(-0.42610381076974596+0.003947023117904303j),(1.0000592908953343-0.00011733526697474572j),(0.12328588768889907-0.552787447493061j)
0.55,(1.0000605129656432-0.00011870024479262427j),(0.12652997927245893-0.5589200406604152j),(-1.4856862122690735+0.1288641597193586j),(1.0700813892291268-0.6617469689208074j),(0.29084476108593216-0.8115639763210111j),(0.39816365073123244+0.16452210839284534j),(-1.5879756871199495-3.004283508546709j),(-1.1831121490540943-0.4402933937565j),(-0.42610477565451343-0.002935470115061939j),(1.0000605129656432-0.00011870024479262427j),(0.12652997927245893-0.5589200406604152j)
0.56,(1.0000617722782263-0.00012007052967944465j),(0.12979980477054054-0.5652053947772726j),(-1.4831389694523522+0.14009212290281117j),(1.0762195358046536-0.6654571902106824j),(0.2944038488025378-0.8195287854162111j),(0.39649567344243575+0.16233311617690935j),(-1.6522120391441681-3.02777142695624j),(-1.1894896623678488-0.436716259639707j),(-0.42609378731420344-0.009897679518265857j),(1.0000617722782263-0.00012007052967944465j),(0.12979980477054054-0.5652053947772726j)
0.5700000000000001,(1.000063073887848-0.00012144687158456705j),(0.1330985627744669-0.5716707938831996j),(-1.4803342958952885+0.15137544857926194j),(1.0825684767351798-0.6692199499206053j),(0.29801218744858365-0.8277573149537027j),(0.3948351680146297+0.16003974637391466j),(-1.7193523852295847-3.05098035601338j),(-1.1959758749531026-0.43296393848809467j),(-0.4260720471318387-0.016954889360123414j),(1.000063073887848-0.00012144687158456705j),(0.1330985627744669-0.5716707938831996j)
0.58,(1.0000644229016744-0.00012282980942313434j),(0.13642969015429865-0.5783436163086104j),(-1.4772566254810895+0.16272460867973515j),(1.089159748046927-0.6730378131002083j),(0.3016803351507208-0.8362852193975964j),(0.3931815994008414+0.1576263214234744j),(-1.7896741890542531-3.073879764114984j),(-1.2025858004255316-0.4290239452988883j),(-0.4260410993346237-0.02412204918483017j),(1.0000644229016744-0.00012282980942313434j),(0.13642969015429865-0.5783436163086104j)
0.59,(1.0000658244562242-0.00012421965633876682j),(0.13979685576139042-0.5852512894375549j),(-1.473888896759504+0.17414798146844088j),(1.0960253960915716-0.6769124020860791j),(0.3054192568571532-0.8451486408557876j),(0.391534813026501+0.15507763625423682j),(-1.863470439349167-3.096409704432957j),(-1.2093333612774655-0.4248823243512005j),(-0.42600283825836666-0.03141372705306438j),(1.0000658244562242-0.00012421965633876682j),(0.13979685576139042-0.5852512894375549j)
0.6,(1.0000672836934734-0.0001256164847292684j),(0.1432039548227345-0.5924212514658627j),(-1.470212721667386+0.1856516253986867j),(1.1031979302791541-0.6808442785456957j),(0.30924033405723395-0.8543841966987015j),(0.38989504876568376+0.15237902238934112j),(-1.9410473111916173-3.1184760898919004j),(-1.2162312159272932-0.42052364611883836j),(-0.42595951614330246-0.03884406487560878j),(1.0000672836934734-0.0001256164847292684j),(0.1432039548227345-0.5924212514658627j)
0.61,(1.000068805736051-0.0001270201112687169j),(0.1466551041060072-0.5998809204239239j),(-1.4662085771318558+0.19723906240384648j),(1.1107102778806195-0.6848328137467449j),(0.313155380975542-0.8640289786693092j),(0.38826295390949855+0.14951640989138829j),(-2.022721009560002-3.1399456689940015j),(-1.223290579640337-0.41593101189537246j),(-0.42591375130945364-0.046426736075841746j),(1.000068805736051-0.0001270201112687169j),(0.1466551041060072-0.5998809204239239j)
0.62,(1.0000703956614605-0.00012843008219496618j),(0.15015463792359027-0.6076576706731117j),(-1.4618560212792686+0.20891107376866258j),(1.1185957395871193-0.6888760468513143j),(0.3171766675842882-0.8741205638965402j),(0.3866395947020389+0.14647638673942565j),(-2.1088136219072875-3.1606407723157846j),(-1.2305210388265797-0.4110860683450395j),(-0.42586853655915086-0.0541749057940934j),(1.0000703956614605-0.00012843008219496618j),(0.15015463792359027-0.6076576706731117j)
0.63,(1.0000720584752787-0.00012984565915910394j),(0.1537071050359557-0.6157788170295739j),(-1.4571339356244888+0.22066551232174061j),(1.1268879442355795-0.6929705311016402j),(0.32131694979133774-0.8846970381756949j),(0.3850264660218092+0.14324625523653403j),(-2.199647797672543-3.180333948924206j),(-1.2379303584207024-0.4059690345028085j),(-0.42582724765764407-0.06210119382090169j),(1.0000720584752787-0.00012984565915910394j),(0.1537071050359557-0.6157788170295739j)
0.64,(1.000073799083289-0.00013126580596306987j),(0.15731726650991698-0.6242716066187192j),(-1.452020794107589+0.2324971352537928j),(1.1356208008202529-0.6971111678384907j),(0.32558950719010477-0.8957970318403773j),(0.3834254987996656+0.1398140850584711j),(-2.295540077189248-3.1987426735558464j),(-1.2455242823197465-0.4005587440420819j),(-0.42579365174943534-0.07021764041723277j),(1.000073799083289-0.00013126580596306987j),(0.15731726650991698-0.6242716066187192j)
0.65,(1.0000756222625315-0.000132689176531803j),(0.16099009458549068-0.633163218517964j),(-1.4464949591745613+0.24439746236662174j),(1.1448284456075397-0.7012910283821864j),(0.33000818880260285-0.9074597685202178j),(0.3818390647881237+0.13616876257186072j),(-2.3967927164834197-3.2155243778745484j),(-1.2533063272007678-0.3948327058999124j),(-0.4257719155774394-0.07853567514776777j),(1.0000756222625315-0.000132689176531803j),(0.16099009458549068-0.633163218517964j)
0.66,(1.0000775326312696-0.00013411410448692512j),(0.16473077260647706-0.6424807712037945j),(-1.4405350042667682+0.25635466495958315j),(1.1545451818560697-0.7055011639184297j),(0.334587467308471-0.9197251270563434j),(0.380269978331115+0.13230003607487562j),(-2.5036839045722736-3.2302721387568893j),(-1.2612775704720018-0.38876718658564235j),(-0.42576661338354044-0.08706608881844403j),(1.0000775326312696-0.00013411410448692512j),(0.16473077260647706-0.6424807712037945j)
0.67,(1.0000795346179077-0.00013553859469844976j),(0.16854469607422712-0.652251337781495j),(-1.4341200611005915+0.26835349082495613j),(1.1648054093163216-0.7097304036767249j),(0.3393425023311984-0.9326337168310063j),(0.37872149482731193+0.128198556644266j),(-2.6164563521091897-3.2425114364201955j),(-1.2694364336320505-0.38233731768493473j),(-0.42578273438165015-0.09581900857163433j),(1.0000795346179077-0.00013553859469844976j),(0.16854469607422712-0.652251337781495j)
0.68,(1.0000816324289228-0.0001369603172002543j),(0.17243747489115782-0.6625019689414472j),(-1.427230189003533+0.2803752309115075j),(1.1756435403452934-0.7139651418799481j),(0.34428921344844365-0.9462269667575534j),(0.3771973056330284+0.12385591430976946j),(-2.7353043484415513-3.251698464606679j),(-1.2777784629262305-0.3755172321893951j),(-0.425825689706982-0.10480387615175203j),(1.0000816324289228-0.0001369603172002543j),(0.17243747489115782-0.6625019689414472j)
0.6900000000000001,(1.0000838300159165-0.0001383766038527312j),(0.17641493687003132-0.6732597235541389j),(-1.4198467623562192+0.29239773308772277j),(1.187093899124773-0.7181891141926839j),(0.3494443637067273-0.9605472281702753j),(0.3757015292111594+0.11926466931995983j),(-2.8603595379337716-3.257220519586805j),(-1.2862961098983134-0.3682802333111027j),(-0.4259013187569079-0.1140294293108208j),(1.0000838300159165-0.0001383766038527312j),(0.17641493687003132-0.6732597235541389j)
0.7000000000000001,(1.000086131041932-0.00013978444812917816j),(0.18048313259632684-0.6845517067862952j),(-1.4119528709132192+0.30439546805753426j),(1.1991906001215225-0.7223831647178695j),(0.3548256545524219-0.9756378918485652j),(0.374238698399057+0.11441837831179652j),(-2.991675848725187-3.2583989975122387j),(-1.2949785152361004-0.3605989993566168j),(-0.4260158948484441-0.12350368627785008j),(1.000086131041932-0.00013978444812917816j),(0.18048313259632684-0.6845517067862952j)
0.71,(1.000088538847231-0.00014118050838607496j),(0.18464834174361522-0.6964051155921638j),(-1.4035337264926722+0.3163396518238494j),(1.2119674015818136-0.7265250050018249j),(0.3604518332415858-0.9915435194037997j),(0.3728137437387995+0.10931161524861034j),(-3.1292142024113354-3.2544954736989813j),(-1.3038113001917153-0.35244582800860724j),(-0.4261761301241966-0.13323393316799004j),(1.000088538847231-0.00014118050838607496j),(0.18464834174361522-0.6964051155921638j)
0.72,(1.000091056414773-0.000142561114953982j),(0.18891708095500254-0.7088472914062185j),(-1.3945770682992609+0.32819842814132805j),(1.2254575295224768-0.7305889670236713j),(0.3663428139616521-1.0083099892475211j),(0.371431972885938+0.10393998704688437j),(-3.272827730788696-3.2447212180685376j),(-1.3127763708062317-0.3437929229649719j),(-0.42638917964170087-0.14322671415779778j),(1.000091056414773-0.000142561114953982j),(0.18891708095500254-0.7088472914062185j)
0.73,(1.0000936863356928-0.00014392228135275497j),(0.19329611341668845-0.7219057798355785j),(-1.3850735580492308+0.3399371131465443j),(1.239693467381674-0.734545752783624j),(0.3725198140893541-1.025984657342295j),(0.3700990461852964+0.09830014386966189j),(-3.422248731036449-3.2282502765456282j),(-1.3218517411586812-0.33461272528382796j),(-0.4266626445799212-0.15348782420205379j),(1.0000936863356928-0.00014392228135275497j),(0.19329611341668845-0.7219057798355785j)
0.74,(1.000096430775118-0.00014525971989136363j),(0.19779246026169475-0.7356083971214252j),(-1.375017155177012+0.3515185028152476j),(1.2547067062462294-0.7383621838827186j),(0.37900550722278775-1.0446165329077308j),(0.3688209485724939+0.09238978412229705j),(-3.5770780877282795-3.204235987879764j),(-1.331011382856947-0.32487829094747994j),(-0.4270045744908644-0.16402230401614018j),(1.000096430775118-0.00014525971989136363j),(0.19779246026169475-0.7356083971214252j)
0.75,(1.0000992914387234-0.00014656886186384965j),(0.2024134139520356-0.7499833031076966j),(-1.3644054617979875+0.36290324210723884j),(1.270527450406388-0.7420009554198087j),(0.38582419486251723-1.0642564692081538j),(0.36760395802530965+0.0862076542430613j),(-3.7367782366130813-3.1718305038684385j),(-1.3402251089464405-0.31456371506194264j),(-0.4274234685137158-0.1748344369969271j),(1.0000992914387234-0.00014656886186384965j),(0.2024134139520356-0.7499833031076966j)
0.76,(1.0001022695404673-0.0001478448824902832j),(0.20716655379522808-0.765059080421357j),(-1.3532400268532943+0.3740502526748724j),(1.2871842729388439-0.7454203996331475j),(0.39300199887856185-1.0849573694785781j),(0.36645461084768094+0.07975354343532405j),(-3.9006704329005397-3.130206568493563j),(-1.3494585012736018-0.30364460172983365j),(-0.4279282754537564-0.18592774770558004j),(1.0001022695404673-0.0001478448824902832j),(0.20716655379522808-0.765059080421357j)
0.77,(1.0001053657719874-0.00014908273068337926j),(0.21205976375530208-0.7808648195305393j),(-1.3415265990309877+0.38491721390768185j),(1.304703716128894-0.7485742659916362j),(0.4005670771882651-1.1067744079433683j),(0.3653796641190964+0.07302827353821473j),(-4.0679368823450535-3.0785805394357117j),(-1.3586728910347892-0.29209857696279795j),(-0.42852839260896736-0.19730500148908922j),(1.0001053657719874-0.00014908273068337926j),(0.21205976375530208-0.7808648195305393j)
0.78,(1.0001085802741827-0.00015027716364560424j),(0.21710125271864628-0.7974302093036947j),(-1.3292753186863986+0.39546108995770174j),(1.3231098318660433-0.7514115258957292j),(0.40854986538548044-1.1297652657364305j),(0.36438605568176374+0.06603368427758041j),(-4.237627969617771-3.016235441317636j),(-1.3678254026855967-0.2799058400392284j),(-0.4292336632042585-0.2089682047753121j),(1.0001085802741827-0.00015027716364560424j),(0.21710125271864628-0.7974302093036947j)
0.79,(1.0001119126115252-0.0001514227862151913j),(0.22229957737046008-0.8147856326434209j),(-1.316500840092315+0.4056386933464406j),(1.3424236577473019-0.7538762117702206j),(0.41698334740462717-1.1539903813291044j),(0.36348086206595087+0.05877261417763358j),(-4.408674389891294-2.942542771067623j),(-1.376869071491011-0.267049746487704j),(-0.4300543722673926-0.22091860554079826j),(1.0001119126115252-0.0001514227862151913j),(0.22229957737046008-0.8147856326434209j)
0.8,(1.0001153617496665-0.00015251409479050617j),(0.22766366782766395-0.8329622667115996j),(-1.3032223769276314+0.4154072739114261j),(1.362662625570605-0.7559073020962642j),(0.42590335867334406-1.179513214794432j),(0.3626712547695034+0.05124887744518807j),(-4.579903160937532-2.856982157882852j),(-1.3857530446686686-0.2535174134343763j),(-0.4310012407527192-0.23315669342372378j),(1.0001153617496665-0.00015251409479050617j),(0.22766366782766395-0.8329622667115996j)
0.81,(1.0001189260369074-0.00015354552556775058j),(0.23320285615828107-0.851992187196555j),(-1.2894636659210519+0.4247251203237875j),(1.3838399002766932-0.7574386657943822j),(0.4353489256023298-1.2064005248616578j),(0.3619644553104507+0.04346723716238446j),(-4.750056553731203-2.7591582656807105j),(-1.3944228752230199-0.23930033547011775j),(-0.43208541768955777-0.24568219893807972j),(1.0001189260369074-0.00015354552556775058j),(0.23320285615828107-0.851992187196555j)
0.8200000000000001,(1.0001226031900936-0.0001545115067287483j),(0.23892690789495402-0.8719084759966641j),(-1.275252845932695+0.4335521603051766j),(1.4059636492848273-0.7583990812658278j),(0.44536264567555267-1.2347226572139347j),(0.36136768946209846+0.035433375140230705j),(-4.917815994773248-2.648811335780962j),(-1.4028209161045757-0.22439499657839349j),(-0.4333184701021888-0.25849409124200257j),(1.0001226031900936-0.0001545115067287483j),(0.23892690789495402-0.8719084759966641j)
0.8300000000000001,(1.0001263902854711-0.00015540651411808217j),(0.24484605662076792-0.8927453316065714j),(-1.2606222523802992+0.44185054508074917j),(1.4290362446487257-0.7587123472287162j),(0.4559911128294442-1.264553841818824j),(0.3608881410589389+0.027153858794392353j),(-5.081822330262219-2.5258270927645796j),(-1.410886820192309-0.2088034611572347j),(-0.43471237041847133-0.27159057392482855j),(1.0001263902854711-0.00015540651411808217j),(0.24484605662076792-0.8927453316065714j)
0.84,(1.000130283755005-0.00015622512985219406j),(0.2509710416681275-0.9145381813899628j),(-1.2456081296740389+0.44958520358650256j),(1.4530534036084266-0.7582975041151857j),(0.4672853932313925-1.2959724962091184j),(0.3605329057305373+0.018636105407008337j),(-5.2406979830545835-2.3902415103280017j),(-1.4185581487564032-0.19253392493760121j),(-0.43627948105450426-0.28496907830580653j),(1.000130283755005-0.00015622512985219406j),(0.2509710416681275-0.9145381813899628j)
0.85,(1.000134279388605-0.00015696210321258783j),(0.2573131489251014-0.93732379480443j),(-1.2302502670748594+0.4567243525321684j),(1.4780032769871074-0.7570691860551966j),(0.4793015569631146-1.3290615304924744j),(0.36030894488128784+0.009888344134656965j),(-5.393070602197589-2.2422395404718944j),(-1.4257710875228853-0.17560120483837455j),(-0.43803253583371227-0.29862625378367896j),(1.000134279388605-0.00015696210321258783j),(0.2573131489251014-0.93732379480443j)
0.86,(1.000138372342631-0.00015761241308824502j),(0.26388425468710835-0.9611403965065141j),(-1.2145915659901863+0.46323994959592635j),(1.50386549950291-0.7549381241495474j),(0.49210127144900295-1.3639086483892346j),(0.3602230401890497+0.0009195761138516348j),(-5.537592392584958-2.082152440952033j),(-1.4324612652945783-0.15802714571080442j),(-0.4399846178703611-0.31255795484121085j),(1.000138372342631-0.00015761241308824502j),(0.26388425468710835-0.9611403965065141j)
0.87,(1.000142557154976-0.00015817133115841598j),(0.27069687242342627-0.9860277781051675j),(-1.1986775490275505+0.46910807874703087j),(1.5306102214096633-0.7518118215787406j),(0.5057524626929366-1.4006066366873309j),(0.36028174884805836-0.00826046699749181j),(-5.672955726785037-1.9104552046160603j),(-1.4385646654089104-0.13984092171605272j),(-0.4421491335198955-0.3267592243922157j),(1.000142557154976-0.00015817133115841598j),(0.27069687242342627-0.9860277781051675j)
0.88,(1.0001468277669117-0.00015863448494323154j),(0.2777642022456311-1.0120274071454047j),(-1.1825558230169022+0.4743092588739971j),(1.5581971468550915-0.7475954198232553j),(0.5203300504264106-1.4392536330482195j),(0.3604913597342496-0.017641365720490732j),(-5.7979118078709435-1.7277555990560756j),(-1.4440186153227603-0.12107921093152356j),(-0.4445397819718102-0.3412242732599647j),(1.0001468277669117-0.00015863448494323154j),(0.2777642022456311-1.0120274071454047j)
0.89,(1.0001511775517815-0.00015899791980097627j),(0.2851001827661214-1.0391825316859173j),(-1.166275509587647+0.4788286694264526j),(1.586574610771601-0.7421927725846796j),(0.5359167630225689-1.4799533589597702j),(0.36085785062741677-0.0272120563946138j),(-5.911282250245102-1.5347875185538615j),(-1.4487628345616141-0.10178622383566041j),(-0.4471705200354598-0.35594645569368355j),(1.0001511775517815-0.00015899791980097627j),(0.2851001827661214-1.0391825316859173j)
0.9,(1.0001555993505027-0.00015925815891947647j),(0.2927195449161782-1.0675382785789453j),(-1.1498866576815319+0.4826562895240564j),(1.6156787327083484-0.7355077396011257j),(0.5526040373492999-1.5228153006429594j),(0.3613868465874893-0.036960875474435995j),(-6.011970323853034-1.332401988656252j),(-1.4527405164632263-0.0820135696530106j),(-0.4500555216461198-0.37091824096213716j),(1.0001555993505027-0.00015925815891947647j),(0.2927195449161782-1.0675382785789453j)
0.91,(1.0001600855137072-0.00015941226033608933j),(0.3006378671508138-1.097141743260986j),(-1.1334396525697201+0.4857869498010772j),(1.6454326923691107-0.7274457061867161j),(0.5704930074181463-1.5679548156793317j),(0.36208357955437964-0.046875604226427586j),(-6.098971350372086-1.121555466663238j),(-1.455899414930107-0.061819949142800354j),(-0.45320913159914006-0.386131181207656j),(1.0001600855137072-0.00015941226033608933j),(0.3006378671508138-1.097141743260986j)
0.92,(1.0001646279502248-0.0001594578700278233j),(0.30887163129766604-1.1280420685112884j),(-1.116984635532724+0.48822029899555414j),(1.6757461772078066-0.7179153258154365j),(0.5896955834577966-1.6154931368034884j),(0.36295284922448146-0.056943513595179476j),(-6.171380058363348-0.9033006981640088j),(-1.4581929041376276-0.041270668175696426j),(-0.456645813006246-0.40157587589770344j),(1.0001646279502248-0.0001594578700278233j),(0.30887163129766604-1.1280420685112884j)
0.93,(1.0001692181814745-0.00015939327014213183j),(0.31743827810448416-1.16029050922316j),(-1.1005709474025394+0.4899606898236242j),(1.7065150566032536-0.7068304723657616j),(0.6103356195272779-1.6655572364395779j),(0.36399898525347274-0.06715140903854497j),(-6.228397298276726-0.6787772406022751j),(-1.4595809771627561-0.020436973147630835j),(-0.46038008796273955-0.41724193337152043j),(1.0001692181814745-0.00015939327014213183j),(0.31743827810448416-1.16029050922316j)
0.9400000000000001,(1.0001738474012036-0.00015921742148778168j),(0.3263562612988801-1.1939404797519364j),(-1.0842466077354322+0.4910169908887874j),(1.737621339146062-0.6941123758800734j),(0.6325501624856501-1.718279505878056j),(0.36522581084520384-0.07748567516513011j),(-6.2693361873471405-0.4492012895880888j),(-1.4600311490847702+0.0006047833953382112j),(-0.46442647092106043-0.43311793014395417j),(1.0001738474012036-0.00015921742148778168j),(0.3263562612988801-1.1939404797519364j)
0.9500000000000001,(1.0001785065398892-0.00015892999947666884j),(0.33564509868899456-1.2290475798439688j),(-1.068057839582613+0.4914023331758294j),(1.7689334686397284-0.6796919012449878j),(0.6564907673981362-1.7737971912258566j),(0.3666366078098103-0.08793232004591599j),(-6.293627541851332-0.21585595526036688j),(-1.4595192314565495+0.021774131012046165j),(-0.4687993942890357-0.44919136879496807j),(1.0001785065398892-0.00015892999947666884j),(0.33564509868899456-1.2290475798439688j)
0.96,(1.0001831863330057-0.0001585314227972549j),(0.34532541849814274-1.265669594504167j),(-1.0520486477699804+0.4911338010140661j),(1.8003070097932694-0.6635119137165858j),(0.6823248534444795-1.8322515142185403j),(0.3682340832095466-0.09847701911480655j),(-6.300824986895353+0.01991806937114696j),(-1.4580299482265502+0.04298760031902482j),(-0.4735131258148081-0.46544863543951387j),(1.0001831863330057-0.0001585314227972549j),(0.34532541849814274-1.265669594504167j)
0.97,(1.0001878773922654-0.00015802287420930316j),(0.3554189987335987-1.303866462417596j),(-1.0362604564073636+0.49023207824098014j),(1.83158576564204-0.6455296596466698j),(0.7102370590583633-1.8937863896032616j),(0.37002033775604-0.10910515862038812j),(-6.2906100824553945+0.2567319175520996j),(-1.4555573681411884+0.06415994294292535j),(-0.47858167738977464-0.4818749579365713j),(1.0001878773922654-0.00015802287420930316j),(0.3554189987335987-1.303866462417596j)
0.98,(1.0001925702788539-0.00015740631297469593j),(0.3659487969326432-1.3437002066969286j),(-1.0207318091384183+0.4887210606621825j),(1.8626033550999015-0.6257190763418753j),(0.7404305341150051-1.9585466323194758j),(0.37199683617487184-0.11980187864239818j),(-6.262797619141234+0.4931581807923425j),(-1.4521051351629535+0.08520541748795764j),(-0.48401870500069766-0.4984543661563658j),(1.0001925702788539-0.00015740631297469593j),(0.3659487969326432-1.3437002066969286j)
0.99,(1.000197255577628-0.0001566844785768093j),(0.37693896710131236-1.3852348207789418j),(-1.0054981335191142+0.4866274458206456j),(1.8931852607080368-0.6040729331560631j),(0.7731280790858404-2.0266755278546182j),(0.3741643798091941-0.13055211573991524j),(-6.217341210456276+0.7277409643426049j),(-1.4476864861521903+0.10603910288062396j),(-0.48983739969693496-0.5151696557789109j),(1.000197255577628-0.0001566844785768093j),(0.37693896710131236-1.3852348207789418j)
1.0,(1.0002019239712039-0.00015586088552650755j),(0.38841486005731357-1.428536101240817j),(-0.9905915689630777+0.48398031061209285j),(1.9231513340628565-0.5806046982346617j),(0.8085730047575529-2.0983116194866627j),(0.3765230817897854-0.14134064535199484j),(-6.1543392447514815+0.959006698106159j),(-1.4423240535196893+0.1265781987266468j),(-0.49605036961216326-0.5320023572422687j),(1.0002019239712039-0.00015586088552650755j),(0.38841486005731357-1.428536101240817j)
1.01,(1.000206566312848-0.00015493980920870782j),(0.40040300270458706-1.473671418158817j),(-0.9760408559826487+0.48081068648382114j),(1.9523187205787595-0.5553500233004435j),(0.8470295401881951-2.1735845494553434j),(0.37907234515082305-0.15215212412273596j),(-6.074041099739885+1.1854762032893138j),(-1.4360494592300597+0.14674327266248488j),(-0.5026695132946611-0.5489327115915084j),(1.000206566312848-0.00015493980920870782j),(0.40040300270458706-1.473671418158817j)
1.02,(1.000211173697098-0.00015392626287529432j),(0.4129310510024007-1.520709412405782j),(-0.9618712830301537+0.4771511409086296j),(1.9805051377239251-0.5283677437442408j),(0.8887825606425468-2.2526097820676174j),(0.38181084431517454-0.1629711323684716j),(-5.976853541393042+1.405678085046072j),(-1.4289027148654294+0.16645941709448217j),(-0.5097058848573167-0.565939655094178j),(1.000211173697098-0.00015392626287529432j),(0.4129310510024007-1.520709412405782j)
1.03,(1.0002157375270737-0.00015282596604586056j),(0.426027710551422-1.5697196080115412j),(-0.9481046861276459+0.4730353726134424j),(2.0075324136965382-0.4997403038471548j),(0.9341363425454219-2.3354820424639273j),(0.3847365104071375-0.17378221694168336j),(-5.863347323329848+1.6181635182242111j),(-1.4209314499160974+0.1856572820202851j),(-0.5171695517574094-0.5830008145786507j),(1.0002157375270737-0.00015282596604586056j),(0.426027710551422-1.5697196080115412j)
1.04,(1.0002202495775068-0.00015164530472156084j),(0.4397226178154413-1.6207719264425857j),(-0.9347594956687884+0.4684978267397313j),(2.0332301690530357-0.4695735373412855j),(0.9834119831911263-2.422267335464783j),(0.3878465208718201-0.18456993477117944j),(-5.734262778298209+1.8215243136909751j),(-1.4121899965968172+0.20427395650432453j),(-0.5250694463541666-0.60009251550992j),(1.0002202495775068-0.00015164530472156084j),(0.4397226178154413-1.6207719264425857j)
1.05,(1.0002247020525918-0.00015039128395633332j),(0.4540461740545985-1.6739360884707892j),(-0.9218508242706259+0.4635733347885682j),(2.057439504522535-0.43799576104779314j),(1.0369430579594223-2.5129934781375507j),(0.39113729388701596-0.1953188973682781j),(-5.590514462688465+2.0144130002417056j),(-1.4027383639577198+0.22225367840636517j),(-0.5334132127640655-0.6171898048339397j),(1.0002247020525918-0.00015039128395633332j),(0.4540461740545985-1.6739360884707892j)
1.06,(1.0002290876378745-0.00014907147345019097j),(0.4690293231045702-1.7292808883059385j),(-0.9093905893198952+0.45829678291534304j),(2.0800165464088374-0.4051561725095308j),(1.0950690428842411-2.6076392037027993j),(0.3946044880444976-0.20601381658208506j),(-5.433194586963975+2.195564612950541j),(-1.3926411366724025+0.23954835964679555j),(-0.5422070509322207-0.6342664905860858j),(1.0002290876378745-0.00014907147345019097j),(0.4690293231045702-1.7292808883059385j)
1.07,(1.0002333995455106-0.00014769394693866985j),(0.48470326325895147-1.7868733240172032j),(-0.8973876638634247+0.45270281093423287j),(2.1008356983526655-0.3712225790891105j),(1.1581260301572085-2.7061220895966973j),(0.39824300775284377-0.21663955186219533j),(-5.263572975977432+2.363822450162498j),(-1.3819663345981177+0.2561179221229898j),(-0.5514555602526879-0.6512952001610712j),(1.0002333995455106-0.00014769394693866985j),(0.48470326325895147-1.7868733240172032j)
1.08,(1.0002376315523673-0.0001462672162367633j),(0.5010990827909791-1.8467775681718075j),(-0.8858480496950335+0.4468255433044939j),(2.1197924557769516-0.3363785230878291j),(1.2264343423935264-2.8082858402976245j),(0.40204701477357346-0.22718115924405546j),(-5.083089816779881+2.518167807181122j),(-1.3707842681134814+0.27193044688388285j),(-0.5611615854880471-0.6682474589703121j),(1.0002376315523673-0.0001462672162367633j),(0.5010990827909791-1.8467775681718075j)
1.09,(1.0002417780305892-0.00014480016086548174j),(0.5182473082148449-1.9090537633467979j),(-0.8747750668501025+0.4406983524217546j),(2.136805657064022-0.30081990193807373j),(1.3002828485253544-2.9138878131539894j),(0.40600994624733083-0.23762394221162064j),(-4.893349124430973+2.657746452872233j),(-1.359166421569316+0.2869621459083871j),(-0.5713260681434773-0.685093790959273j),(1.0002417780305892-0.00014480016086548174j),(0.5182473082148449-1.9090537633467979j)
1.1,(1.000245833970398-0.00014330195423291084j),(0.5361773544102065-1.973756629065826j),(-0.8641695541924338+0.4343536537392566j),(2.1518190723662505-0.264751211403924j),(1.3799101377174026-3.0225880835100924j),(0.4101245394983396-0.24795350451571285j),(-4.696100900812966+2.7818997076097043j),(-1.347184393250388+0.30119717149707775j),(-0.5819479068244727-0.7018038421148922j),(1.000245833970398-0.00014330195423291084j),(0.5361773544102065-1.973756629065826j)
1.11,(1.0002497949950593-0.00014178198736515663j),(0.5549168664418472-2.04093387019711j),(-0.8540300763277122+0.4278227315988262j),(2.1648022649130865-0.22838156042771623j),(1.4654832355468461-3.133941734862708j),(0.4143828638247756-0.2581558049374345j),(-4.493207921072938+2.8901961798342635j),(-1.334908915406191+0.31462728266744167j),(-0.5930238304300431-0.7183465276582839j),(1.0002497949950593-0.00014178198736515663j),(0.5549168664418472-2.04093387019711j)
1.12,(1.0002536573681013-0.00014024979118385078j),(0.5744909445804326-2.110624382410191j),(-0.8443531326697483+0.42113559415436913j),(2.1757506979791765-0.19192061700632454j),(1.5570752219557589-3.2473963155530536j),(0.4187763593916395-0.2682172138876762j),(-4.286616133759902+2.9824513905030283j),(-1.3224089725503423+0.3272513909473899j),(-0.6045482882829348-0.7346902030912169j),(1.0002536573681013-0.00014024979118385078j),(0.5744909445804326-2.110624382410191j)
1.1300000000000001,(1.0002574179930166-0.00013871495830881372j),(0.5949212470012714-2.182856258463123j),(-0.8351333650907315+0.4143208554114905j),(2.1846851001284966-0.15557464449398664j),(1.654643836222328-3.3622963760461033j),(0.42329588324276435-0.2781245716302866j),(-4.078307983559356+3.0587459744657286j),(-1.3097510307165945+0.33907500960245535j),(-0.6165133614526779-0.75080285865219j),(1.0002574179930166-0.00013871495830881372j),(0.5949212470012714-2.182856258463123j)
1.1400000000000001,(1.0002610744058213-0.0001371870653250969j),(0.6162249692725617-2.2576446104131214j),(-0.8263637611814942+0.4074056421713284j),(2.1916501387156893-0.11954277731024882j),(1.7580137531640236-3.4778965459443483j),(0.42793176234141594-0.2878652478122331j),(-3.870249423652671+3.119432091852589j),(-1.296998385017325+0.3501096307107291j),(-0.6289086995642583-0.7666523360507234j),(1.0002610744058213-0.0001371870653250969j),(0.6162249692725617-2.2576446104131214j)
1.1500000000000001,(1.0002646247609723-0.00013567559639988014j),(0.6384137064105463-2.3349892377649346j),(-0.8180358507142044+0.4004155235385188j),(2.1967124840121115-0.08401366548771513j),(1.866865454623133-3.593383657024076j),(0.43267385343620757-0.2974272018835257j),(-3.6643337434630587+3.165127170217557j),(-1.284210627938439+0.3603720537841839j),(-0.6417214872848771-0.7822065656043307j),(1.0002646247609723-0.00013567559639988014j),(0.6384137064105463-2.3349892377649346j)
1.16,(1.0002680678112508-0.0001341898690653073j),(0.6614922122874721-2.414872190339835j),(-0.8101398934250048+0.39337446061513004j),(2.199958371483808-0.04916259092870706j),(1.980733472104842-3.7079072290309045j),(0.437511609432543-0.306799043897072j),(-3.462323598217193+3.196693508556779j),(-1.2714432365129529+0.3698836880353711j),(-0.6549364444269703-0.7974338211250163j),(1.0002680678112508-0.0001341898690653073j),(0.6614922122874721-2.414872190339835j)
1.17,(1.000271402882317-0.0001327389629043845j),(0.685457082695917-2.497255297137434j),(-0.8026650567094119+0.3863047740372592j),(2.2014907862886304-0.015149127259352899j),(2.0990153167276926-3.820615599348146j),(0.4424341518314289-0.3159700950978486j),(-3.2657982359778917+3.2152044863445446j),(-1.2587472729619982+0.3786698481329039j),(-0.6685358631857731-0.8123029891201345j),(1.000271402882317-0.0001327389629043845j),(0.685457082695917-2.497255297137434j)
1.18,(1.0002746298427128-0.00013133165178565346j),(0.7102954023032971-2.582077757963417j),(-0.7955995822441975+0.37922712710248885j),(2.201426401515753+0.01788461745162516j),(2.220990028798081-3.9306930823415542j),(0.4474303486794016-0.32493044764513623j),(-3.0761106249735963+3.2218984910101227j),(-1.246169190627869+0.3867590606038647j),(-0.6824996854392081-0.8267838481195787j),(1.0002746298427128-0.00013133165178565346j),(0.7102954023032971-2.582077757963417j)
1.19,(1.0002777490701433-0.000129976340202186j),(0.7359834115716886-2.66925392159465j),(-0.7889309409145192+0.37216052236966j),(2.199892400475785+0.04981516748122227j),(2.3458480810188815-4.037397140579762j),(0.4524888973578966-0.3336710227637127j),(-2.894356455356449+3.2181258576299303j),(-1.2337507350433081+0.39418239513490344j),(-0.6968056222797685-0.8408473532541941j),(1.0002777490701433-0.000129976340202186j),(0.7359834115716886-2.66925392159465j)
1.2,(1.0002807614148992-0.00012868100417202358j),(0.7624852664190324-2.758671400240033j),(-0.7826459757352896+0.3651223097742617j),(2.1970233045988294+0.08053827656470894j),(2.472725942287847-4.140087995736138j),(0.45759841143031843-0.34218362659166657j),(-2.7213613451525847+3.2052920471591624j),(-1.2215289287342879+0.4009728320761231j),(-0.7114293170344791-0.8544659206267381j),(1.0002807614148992-0.00012868100417202358j),(0.7624852664190324-2.758671400240033j)
1.21,(1.0002836681612928-0.00012745313706185015j),(0.7897519792489239-2.850189691449665j),(-0.7767310327139759+0.3581282044818541j),(2.192957913848253+0.10996899977341779j),(2.6007429354532374-4.238249408050763j),(0.46274751066330544-0.350461002984921j),(-2.5576825264484153+3.1848034389446327j),(-1.2095361277583883+0.40716467460802674j),(-0.7263445519818092-0.8676137055731972j),(1.0002836681612928-0.00012745313706185015j),(0.7897519792489239-2.850189691449665j)
1.22,(1.000286470987975-0.00012629970060302779j),(0.8177206425937129-2.9436394909040713j),(-0.7711720798123252+0.3511923128889323j),(2.1878364479026073+0.1380413024312433j),(2.729036152861891-4.331499004137832j),(0.4679249132483526-0.3584968825518192j),(-2.4036247009118497+3.1580193849300446j),(-1.1978001379369838+0.4127930114003103j),(-0.7415234978250689-0.8802668686415993j),(1.000286470987975-0.00012629970060302779j),(0.8177206425937129-2.9436394909040713j)
1.23,(1.0002891719279685-0.00012522708128291153j),(0.8463140430850496-3.0388228776578945j),(-0.7659548143317412+0.34432716536791846j),(2.1817979556134235+0.16470728005763777j),(2.856790446970452-4.419588621141468j),(0.47311952917428907-0.3662860272245819j),(-2.2592677491394877+3.1262137606965323j),(-1.1863443791381691+0.41789323324539634j),(-0.7569370037706807-0.8924038230440571j),(1.0002891719279685-0.00012522708128291153j),(0.8463140430850496-3.0388228776578945j)
1.24,(1.0002917733292087-0.000124241052210824j),(0.8754407706990552-3.135514532708033j),(-0.7610647591764409+0.3375437545346682j),(2.174978039160909+0.18993606915075295j),(2.983261787183358-4.502396428559058j),(0.47832055364326104-0.3738242697267022j),(-2.1245012917866424+3.0905475360282537j),(-1.1751880867009148+0.4225006051310387j),(-0.7725549248343894-0.9040054574833313j),(1.0002917733292087-0.000124241052210824j),(0.8754407706990552-3.135514532708033j)
1.25,(1.0002942778163264-0.0001233467404874551j),(0.9049959135468016-3.233464108949194j),(-0.7564873485453624+0.33085157798860965j),(2.16750691934954+0.21371252921746736j),(3.107792837553637-4.579912818189619j),(0.48351755938576496-0.3811085473643236j),(-1.999061872534472+3.052052187321813j),(-1.1643465400586939+0.42664989354035476j),(-0.7883464818114323-0.9150553286246151j),(1.0002942778163264-0.0001233467404874551j),(0.9049959135468016-3.233464108949194j)
1.26,(1.0002966882543254-0.00012254860004143j),(0.9348624003935145-3.3323998051649437j),(-0.752208003673182+0.3242586846343798j),(2.159507850683874+0.23603577274978613j),(3.2298211659313916-4.652222637703885j),(0.4887005867164102-0.3881369296527002j),(-1.882570187847107+3.011622880758212j),(-1.153831309733699+0.4303750474286584j),(-0.8042806482524224-0.9255398180713258j),(1.0002966882543254-0.00012254860004143j),(0.9348624003935145-3.3323998051649437j)
1.27,(1.0002990077147291-0.0001218503898431j),(0.9649130120283751-3.432033112034025j),(-0.748212199287476+0.3177717238376465j),(2.1510958799245787+0.25691761290423865j),(3.3488816538992943-4.719486328725003j),(0.49386023018334035-0.3949086393828894j),(-1.7745652230104718+2.9700194678804204j),(-1.1436505150554461+0.4337089303036466j),(-0.8203265578381973-0.9354482494926124j),(1.0002990077147291-0.0001218503898431j),(0.9649130120283751-3.432033112034025j)
1.28,(1.0003012394446729-0.00012125515735740028j),(0.9950130314802079-3.53206460190965j),(-0.7444855214773294+0.3113959967957238j),(2.1423769300670066+0.2763809895351384j),(3.464604254208793-4.78192150381017j),(0.4989877207017362-0.4014240668355199j),(-1.6745339929004055+2.9278732257599387j),(-1.1338090861493715+0.4366831000978422j),(-0.8364539247922071-0.9447729625100955j),(1.0003012394446729-0.00012125515735740028j),(0.9950130314802079-3.53206460190965j)
1.29,(1.0003033868393176-0.00012076522706548484j),(1.0250234472995714-3.632190537862381j),(-0.7410137176823016+0.30513550961535635j),(2.1334471831273287+0.2944584239512304j),(3.5767084852428455-4.8397861008789125j),(0.5040750021257789-0.4076847769542956j),(-1.5819361877790943+2.8856973445828853j),(-1.124309024895333+0.43932763303297684j),(-0.8526334694478593-0.9535093410412799j),(1.0003033868393176-0.00012076522706548484j),(1.0250234472995714-3.632190537862381j)
1.3,(1.0003054534178597-0.00012038219385171463j),(1.0548045709954748-3.732109994772555j),(-0.7377827395128438+0.29899302768600067j),(2.1243927295513236+0.31119054214825365j),(3.68499592073148-4.893363759859504j),(0.5091148013031235-0.4136935093983996j),(-1.4962236652686545+2.843899455744996j),(-1.115149660639191+0.44167098739623706j),(-0.8688373408290041-0.9616557949680261j),(1.0003054534178597-0.00012038219385171463j),(1.0548045709954748-3.732109994772555j)
1.31,(1.0003074428033003-0.00012010692103472199j),(1.0842198871023594-3.831532129165651j),(-0.7347787791066793+0.2929701310178326j),(2.1152894491103513+0.3266246959796884j),(3.7893417042388777-4.942951673084282j),(0.5141006907695996-0.41945417149683095j),(-1.41685517820192+2.8027948790736255j),(-1.1063278974304176+0.44373990303950833j),(-0.8850395281194322-0.9692136951959309j),(1.0003074428033003-0.00012010692103472199j),(1.0842198871023594-3.831532129165651j)
1.32,(1.000309358706039-0.00011993954280395398j),(1.1131399290599548-3.9301832145465414j),(-0.731988299712469+0.28706727028065326j),(2.106203087364593+0.34081370224301694j),(3.8896858217979275-4.988850866145682j),(0.5190271433768209-0.42497182422598845j),(-1.3433069649317815+2.762619650161639j),(-1.0978384504420236+0.44555933243878665j),(-0.9012162531921882-0.9761872633382723j),(1.000309358706039-0.00011993954280395398j),(1.1131399290599548-3.9301832145465414j)
1.33,(1.000311204911248-0.00011987947081484141j),(1.1414459702591255-4.027813078885399j),(-0.729398061173949+0.2812838233341173j),(2.0971894926746693+0.3538147112868484j),(3.9860246539938324-5.031358709695964j),(0.5238895782981151-0.4302526614219362j),(-1.2750799179615466+2.7235427227413838j),(-1.0896740700004457+0.4471523992792439j),(-0.9173463369272445-0.9825834183419875j),(1.000311204911248-0.00011987947081484141j),(1.1414459702591255-4.027813078885399j)
1.34,(1.000312985269888-0.00011992540468663654j),(1.1690333377343112-4.124200637465341j),(-0.7269951409658814+0.27561815208268525j),(2.088294980864976+0.3656882096460019j),(4.078403128688437-5.070763374473387j),(0.5286843980244365-0.43530398251871477j),(-1.211704037154869+2.685677006153608j),(-1.081825752312507+0.4485403807337223j),(-0.9334115328384086-0.9884115833242434j),(1.000312985269888-0.00011992540468663654j),(1.1690333377343112-4.124200637465341j)
1.35,(1.0003147036931386-0.00012007534614702858j),(1.1958141928270425-4.219158298237771j),(-0.724766951408472+0.2700676595218405j),(2.0795567975676454+0.37649715543056034j),(4.166907592038859-5.107339891867157j),(0.5334090161368916-0.440134159172308j),(-1.152740806736774+2.6490890925953554j),(-1.074282936528429+0.44974270985487125j),(-0.9493968225171767-0.9936834566663006j),(1.0003147036931386-0.00012007534614702858j),(1.1958141928270425-4.219158298237771j)
1.36,(1.0003163641499249-0.0001203266165606904j),(1.22171967257352-4.312535114983735j),(-0.7227012536599101+0.26462884686686083j),(2.07100365165023+0.3863062406878124j),(4.251659473152819-5.141347521895621j),(0.5380618758211199-0.4447525961855335j),(-1.09778404156927+2.6138076614577948j),(-1.0670336882310576+0.45077699478429495j),(-0.9652906685334876-0.9984127519872783j),(1.0003163641499249-0.0001203266165606904j),(1.22171967257352-4.312535114983735j)
1.37,(1.000317970667157-0.00012067587758131596j),(1.2467013400367795-4.404218661893096j),(-0.7207861690576713+0.2592973706731825j),(2.0626562966688344+0.3951812716212644j),(4.332809731248486-5.173028150592468j),(0.5426424592658179-0.4491696871918574j),(-1.0464596481581554+2.579830631196887j),(-1.0600648698006119+0.45165905178062943j),(-0.9810852216560665-1.002614911977064j),(1.000317970667157-0.00012067587758131596j),(1.2467013400367795-4.404218661893096j)
1.3800000000000001,(1.0003195273322312-0.0001211191546624213j),(1.2707319439803906-4.494135689527092j),(-0.7190101883482931+0.25406809986945345j),(2.0545281407769647+0.40318865525252273j),(4.410534033601328-5.202605477082796j),(0.5471512882581278-0.45339676558611103j),(-0.9984246515104829+2.5471311755831243j),(-1.0533622983807982+0.45240294937076264j),(-0.9967764805111403-1.0063068012007135j),(1.0003195273322312-0.0001211191546624213j),(1.2707319439803906-4.494135689527092j)
1.3900000000000001,(1.0003210382972876-0.0001216518631613023j),(1.2938055323786233-4.582251688277301j),(-0.7173621793124119+0.2489351726319564j),(2.046625868808387+0.41039497969867283j),(4.48502859067835-5.230284790064109j),(0.5515899164477001-0.4574460512079347j),(-0.9533657562818946+2.515662741987368j),(-1.0469108923756525+0.45302106122599395j),(-1.0123644030317827-1.009506382904062j),(1.0003210382972876-0.0001216518631613023j),(1.2938055323786233-4.582251688277301j)
1.4000000000000001,(1.000322507784685-0.0001222688367669942j),(1.315936996765761-4.668569527712779j),(-0.7158313932568338+0.2438920530332863j),(2.038950063244979+0.41686667455734827j),(4.556506565857019-5.256253170337778j),(0.5559609138948137-0.4613305932904866j),(-0.9109976416884424+2.4853632134149217j),(-1.0406948075462672+0.4535241256520091j),(-1.0278529702092918-1.01223238457052j),(1.000322507784685-0.0001222688367669942j),(1.315936996765761-4.668569527712779j)
1.41,(1.0003239400931203-0.00012296435797960455j),(1.3371611442029665-4.753127359131075j),(-0.7144074708081033+0.2389315873999693j),(2.031495813428643+0.4226697378000275j),(4.625194976372681-5.280679988646116j),(0.5602678446424664-0.465064210183779j),(-0.8710611341763984+2.456158349848802j),(-1.0346975638614022+0.45392130985450646j),(-1.0432502036978175-1.0145039565294423j),(1.0003239400931203-0.00012296435797960455j),(1.3371611442029665-4.753127359131075j)
1.42,(1.0003253396038103-0.00012373219036503278j),(1.3575314015065214-4.835995967744166j),(-0.7130804474022624+0.2340460603139545j),(2.0242533046663618+0.4278695159412079j),(4.691332006333088-5.303717595797275j),(0.5645152381551074-0.468661426350361j),(-0.8333213584425604+2.427964632695355j),(-1.028902164293793+0.4542202773992262j),(-1.058568139707452-1.0163403273305573j),(1.0003253396038103-0.00012373219036503278j),(1.3575314015065214-4.835995967744166j)
1.43,(1.0003267107861449-0.00012456561230413723j),(1.3771182544549154-4.917275745413337j),(-0.7118407588231518+0.22922725019232826j),(2.0172083808222117+0.43253052496387895j),(4.755164659529866-5.325502125051499j),(0.5687085555458177-0.47213740711245283j),(-0.7975659342130765+2.4006916217936034j),(-1.0232912067519642+0.4544272575253657j),(-1.0738227623221526-1.0177604589138547j),(1.0003267107861449-0.00012456561230413723j),(1.3771182544549154-4.917275745413337j)
1.44,(1.0003280582022385-0.00012545745195321158j),(1.3960075156869476-4.997093430235562j),(-0.7106792470966034+0.22446648437877523j),(2.010343075620608+0.43671630044448045j),(4.81694668789231-5.346154345500262j),(0.5728541515682145-0.47550789160551954j),(-0.7636032613091323+2.374243919473922j),(-1.0178469903017928+0.4545471151951566j),(-1.089033899879867-1.018782703858363j),(1.0003280582022385-0.00012545745195321158j),(1.3960075156869476-4.997093430235562j)
1.45,(1.0003293865098242-0.00012640012313030007j),(1.4142985016494647-5.075598730559107j),(-0.709587167000287+0.21975469367973074j),(2.003636109243297+0.440489266454234j),(4.876936739850581-5.365780520328342j),(0.5769592333790522-0.4787891243650367j),(-0.7312609172079919+2.3485228216580523j),(-1.0125516167684745+0.45458342097055154j),(-1.104225088344995-1.0194244662235177j),(1.0003293865098242-0.00012640012313030007j),(1.4142985016494647-5.075598730559107j)
1.46,(1.000330700462968-0.0001273856618422279j),(1.4321021836200238-5.152960922089899j),(-0.7085561933989367+0.21508246627818056j),(1.997063347936176+0.4439106140543909j),(4.935396681065275-5.38447323605377j),(0.5810318170830242-0.4819977859420945j),(-0.7003841780587862+2.323427722576111j),(-1.0073870887226808+0.45453852000163836j),(-1.119423405688035-1.0197018667375686j),(1.000330700462968-0.0001273856618422279j),(1.4321021836200238-5.152960922089899j)
1.47,(1.0003320049101283-0.00012840576317220832j),(1.449539362337837-5.2293654803530165j),(-0.7075784295624911+0.21044010095891238j),(1.9905982252993004+0.4470401814995943j),(4.992590047649692-5.402312178681498j),(0.5850806830540165-0.4851509229105665j),(-0.6708346647207976+2.298857327592998j),(-1.0023354047486992+0.4544135995917431j),(-1.1346592811709428-1.0196294123688388j),(1.0003320049101283-0.00012840576317220832j),(1.449539362337837-5.2293654803530165j)
1.48,(1.0003333047891338-0.00012945181825350672j),(1.4667389013695715-5.305010788486416j),(-0.7066464165707629+0.20581765958084672j),(1.9842121247601945+0.44993632957624735j),(5.048780599031286-5.419364840688174j),(0.5891153309889527-0.48826587759468765j),(-0.6424891089015569+2.274710717938657j),(-0.9973786527707728+0.45420875497226015j),(-1.14996628313172-1.0192196696628264j),(1.0003333047891338-0.00012945181825350672j),(1.4667389013695715-5.305010788486416j)
1.49,(1.0003346051187199-0.0001305149510694999j),(1.4838360417482326-5.380104942859798j),(-0.705753143853149+0.2012050187349017j),(1.9778747234675482+0.4526558068007958j),(5.104230943937756-5.435687149292682j),(0.5931459355938348-0.49136021781170197j),(-0.6152382301494864+2.2508883017640686j),(-0.992499102079877+0.45392305307685504j),(-1.1653808883838928-1.018482940661497j),(1.0003346051187199-0.0001305149510694999j),(1.4838360417482326-5.380104942859798j)
1.5,(1.000335910986327-0.00013158605483621746j),(1.5009708099888526-5.45486266638119j),(-0.7048920608562939+0.19659192052962188j),(1.9715542985231895+0.45525360046301916j),(5.1592012186737755-5.451324011884506j),(0.5971833037293747-0.49445166689018777j),(-0.5889857117511528+2.2272926777852557j),(-0.9876792945595254+0.45355459425024636j),(-1.1809422357138608-1.0174269397563231j),(1.000335910986327-0.00013158605483621746j),(1.5009708099888526-5.45486266638119j)
1.51,(1.0003372275319429-0.0001326558277487003j),(1.5182865233634248-5.52950233122456j),(-0.7040570897773177+0.19196802245138073j),(1.9652179971205301+0.45778277070506346j),(5.213947801927208-5.46630977902599j),(0.6012388337586884-0.4975580341910233j),(-0.5636472620921137+2.2038294307041224j),(-0.9829021354584802+0.453100571961278j),(-1.196691865190113-1.0160564694756278j),(1.0003372275319429-0.0001326558277487003j),(1.5182865233634248-5.52950233122456j)
1.52,(1.0003385599278432-0.00013371480790009912j),(1.5359283901995344-5.604243088512144j),(-0.7032426392461083+0.18732294625113508j),(1.9588320727943893+0.4602942659667658j),(5.268722054871063-5.480668629292217j),(0.6053244777449261-0.5006971463248217j),(-0.5391497474701428+2.180407871487901j),(-0.978150983902789+0.4525573307129575j),(-1.2126734441112221-1.0143730929787786j),(1.0003385599278432-0.00013371480790009912j),(1.5359283901995344-5.604243088512144j)
1.53,(1.0003399133541728-0.0001347534072199821j),(1.5540421987557016-5.679302101556166j),(-0.7024436187882094+0.1826463258151921j),(1.9523620906182857+0.4628367191952926j),(5.323769079370409-5.494414883482598j),(0.609452707045434-0.5038867792270126j),(-0.5154303824905357+2.156941730348321j),(-0.9734097431816991+0.45192042245261094j),(-1.2289324794312462-1.0123748009326208j),(1.0003399133541728-0.0001347534072199821j),(1.5540421987557016-5.679302101556166j)
1.54,(1.0003412929703868-0.00013576194431663203j),(1.5727730856937563-5.754891880935232j),(-0.7016554538510402+0.17792785398292718j),(1.9457731048103537+0.4654562252098944j),(5.379326490718231-5.5075532585039575j),(0.6136364817439297-0.5071445912194752j),(-0.49243596487430524+2.133349805811018j),(-0.9686629506839884+0.4511846618819047j),(-1.2455160154270977-1.0100556704871213j),(1.0003412929703868-0.00013576194431663203j),(1.5727730856937563-5.754891880935232j)
1.55,(1.0003427038826527-0.00013673067615532176j),(1.5922643740879197-5.831217723305521j),(-0.7008741011315613+0.17315732827951794j),(1.9390298128193972+0.46819610053193234j),(5.435623204556309-5.520079073520386j),(0.6178892242558612-0.5104880571555203j),(-0.4701221426599454+2.109556569553327j),(-0.963895867205437+0.4503441811474605j),(-1.2624723142263663-1.007405514257022j),(1.0003427038826527-0.00013673067615532176j),(1.5922643740879197-5.831217723305521j)
1.56,(1.0003441511074038-0.0001376498285539781j),(1.6126564710692457-5.908475260815147j),(-0.7000960639040776+0.16832469553618265j),(1.9320966905423251+0.47109662784061695j),(5.492878240520781-5.531978422798311j),(0.6222247973369062-0.5139344037128813j),(-0.4484527032907681+2.085492723683538j),(-0.959094565196973+0.4493924844561326j),(-1.2798505156087994-1.004409517566833j),(1.0003441511074038-0.0001376498285539781j),(1.6126564710692457-5.908475260815147j)
1.57,(1.0003456395313006-0.00013850962552814985j),(1.6340858164045278-5.986848133718118j),(-0.6993184070135986+0.16342009537378818j),(1.9249381138512145+0.4741947880026553j),(5.551299547708772-5.543228331032884j),(0.6266574866224592-0.5175005458669385j),(-0.42739887587743186+2.061095704821961j),(-0.9542460153790385+0.44832250320257966j),(-1.2977002712427466-1.001047862744586j),(1.0003456395313006-0.00013850962552814985j),(1.6340858164045278-5.986848133718118j)
1.58,(1.0003471738679455-0.00013930031757294458j),(1.656683875359885-6.066505804705364j),(-0.6985387711739123+0.15843390252771786j),(1.9175184720554914+0.4775239833571754j),(5.611082859301882-5.553796907801358j),(0.6312019877285157-0.5212030245434452j),(-0.4069386399377104+2.036310127718254j),(-0.9493381710136422+0.4471266522184183j),(-1.316071347233192-0.9972953399777637j),(1.0003471738679455-0.00013930031757294458j),(1.656683875359885-6.066505804705364j)
1.59,(1.0003487586117574-0.00014001220902033743j),(1.6805761719046846-6.1476015390274545j),(-0.6977553861910489+0.15335676799230852j),(1.9098022792615306+0.48111375662385625j),(5.672410585602265-5.563643518123146j),(0.63587339785281-0.5250579454163598j),(-0.38705603606911865+2.011088160196738j),(-0.9443600490043007+0.44579688775006293j),(-1.3350131875575804-0.9931209452015666j),(1.0003487586117574-0.00014001220902033743j),(1.6805761719046846-6.1476015390274545j)
1.6,(1.0003503979894885-0.000140635684664075j),(1.7058813614611918-6.230270579130897j),(-0.6969670827226743+0.14817965896179947j),(1.901754289785719+0.4849895104488602j),(5.73545075632559-5.572718985890951j),(0.6406872117301782-0.5290809187818304j),(-0.36774047622604866+1.985389820953416j),(-0.9393018068886131+0.4443247677447755j),(-1.3545744296720563-0.9884874667109613j),(1.0003503979894885-0.000140635684664075j),(1.7058813614611918-6.230270579130897j)
1.61,(1.0003520959099197-0.0001411612358885907j),(1.7327103457672168-6.314628545750637j),(-0.6961733021826058+0.14289389754149073j),(1.893339623794805+0.489172233213704j),(5.800356024232931-5.580965846159861j),(0.6456593217183041-0.5332870004038646j),(-0.3489860534673171+1.9591831921143343j),(-0.9341548147016834+0.4427015149704856j),(-1.3748023623153633-0.983351063716738j),(1.0003520959099197-0.0001411612358885907j),(1.7327103457672168-6.314628545750637j)
1.62,(1.0003538559123326-0.0001415794865816865j),(1.7611654357406579-6.400770098735261j),(-0.6953741044072725+0.1374911981976993j),(1.8845239091577002+0.49367823730583277j),(5.867262743045921-5.588318660942603j),(0.6508060217192875-0.5376906331907085j),(-0.33079085312447803+1.932444539466702j),(-0.9289117206241398+0.4409180834143487j),(-1.3957423143641723-0.9776608419515346j),(1.0003538559123326-0.0001415794865816865j),(1.7611654357406579-6.400770098735261j)
1.6300000000000001,(1.0003556811144028-0.00014188121914515719j),(1.791339571250733-6.488767889967846j),(-0.6945701727175195+0.13196370390824227j),(1.8752734450680915+0.4985189165794369j),(5.936290133051112-5.594704411280918j),(0.6561440145785049-0.5423055895235399j),(-0.31315626922776535+1.9051583348320333j),(-0.9235665092891315+0.43896522829845175j),(-1.417436962562525-0.971358433728877j),(1.0003556811144028-0.00014188121914515719j),(1.791339571250733-6.488767889967846j)
1.6400000000000001,(1.0003575741602027-0.0001420574009386892j),(1.8233156091481868-6.5786718373674375j),(-0.6937628160344405+0.12630402096680218j),(1.8655553923151889+0.5037005302065107j),(6.007539547837172-5.600042975990059j),(0.6616904225443758-0.5471449140209268j),(-0.2960863316316542+1.8773171770814612j),(-0.918114551611271+0.4368335799202541j),(-1.4399255451416513-0.9643775926234552j),(1.0003575741602027-0.0001420574009386892j),(1.8233156091481868-6.5786718373674375j)
1.6500000000000001,(1.00035953716904-0.0001420992115091522j),(1.8571656925492774-6.670508743085998j),(-0.6929539677413833+0.12050525238496963j),(1.855337994126774+0.5092240205084301j),(6.081093855206195-5.604247704671673j),(0.6674628003199307-0.5522208664839172j),(-0.27958705053279553+1.8489216106915602j),(-0.9125526450195105+0.43451372137307476j),(-1.4632429678740608-0.956643816228439j),(1.00035953716904-0.0001420992115091522j),(1.8571656925492774-6.670508743085998j)
1.6600000000000001,(1.0003615716858834-0.00014199807095711565j),(1.8929507150194913-6.7642822708411305j),(-0.6921461810251673+0.11456102982544179j),(1.844590830281079+0.5150848726359005j),(6.157016944452929-5.60722608945236j),(0.6734791501883086-0.5575448647280351j),(-0.2636657859125057+1.819979843379398j),(-0.9068790430273372+0.4319962700321719j),(-1.4874187891099242-0.9480740143011509j),(1.0003615716858834-0.00014199807095711565j),(1.8929507150194913-6.7642822708411305j)
1.67,(1.000363678634155-0.00014174566977956848j),(1.9307198928530245-6.859973287261887j),(-0.6913426204768915+0.10846554398928097j),(1.8332851056914947+0.5212730240904427j),(6.235353370921542-5.608880536538918j),(0.6797579386480642-0.563127426970475j),(-0.24833064982814518+1.7905073670990126j),(-0.9010934731587007+0.4292719625097647j),(-1.5124760710048677-0.9385762440587294j),(1.000363678634155-0.00014174566977956848j),(1.9307198928530245-6.859973287261887j)
1.68,(1.000365858271674-0.0001413340005016603j),(1.9705104570756464-6.957540560793434j),(-0.6905470497853129+0.1022135733698508j),(1.8213939729355308+0.5277728320076611j),(6.316128147054642-5.609109235214378j),(0.6863181139488267-0.5689781134041644j),(-0.23358994941122968+1.7605264893828652j),(-0.8951971423670638+0.4263317425937731j),(-1.5384300856896278-0.9280495394260514j),(1.000365858271674-0.0001413340005016603j),(1.9705104570756464-6.957540560793434j)
1.69,(1.0003681101505502-0.00014075539136902977j),(2.012347474200112-7.056921799882998j),(-0.6897638154122374+0.09580051127662212j),(1.8088928862687927+0.5345631058017906j),(6.399346687086455-5.607807118463605j),(0.6931791238717012-0.5751054665560795j),(-0.21945167791988796+1.7300657845280314j),(-0.8891927292372028+0.42316685149696365j),(-1.5652868678210874-0.9163838666160528j),(1.0003681101505502-0.00014075539136902977j),(2.012347474200112-7.056921799882998j)
1.7,(1.0003704330818157-0.00014000254231643427j),(2.0562438013187494-7.158035000711764j),(-0.6889978261982049+0.08922239102401494j),(1.7957599825961534+0.5416172121531485j),(6.484994910163378-5.604866906150807j),(0.7003609330500058-0.5815169499964732j),(-0.20592306028004534+1.699159476326745j),(-0.8830843624429251+0.4197689195629799j),(-1.5930416091012123-0.9034602444146854j),(1.0003704330818157-0.00014000254231643427j),(2.0562438013187494-7.158035000711764j)
1.71,(1.0003728251055717-0.0001390685633578307j),(2.1022001770951673-7.2607800644910965j),(-0.6882545289063229+0.08247590917434086j),(1.781976482744564+0.5489032583610792j),(6.57303950407609-5.600180218701662j),(0.7078840390726395-0.5882188849399225j),(-0.1930101582973047+1.6678467658133118j),(-0.8768775851455602+0.41613005841105366j),(-1.6216768962993608-0.8891510737302257j),(1.0003728251055717-0.0001390685633578307j),(2.1022001770951673-7.2607800644910965j)
1.72,(1.0003752834674033-0.00013794701546142858j),(2.150205445934861-7.365040636051089j),(-0.6875398797707774+0.0755584467201376j),(1.7675271042908753+0.5563843587517795j),(6.663428349048456-5.593638746685643j),(0.7157694865527386-0.5952163842601165j),(-0.18071753921212075+1.636171118760666j),(-0.8705793052533533+0.4122429523595178j),(-1.65116080242499-0.8733207270055704j),(1.0003752834674033-0.00013794701546142858j),(2.150205445934861-7.365040636051089j)
1.73,(1.00037780460178-0.0001366319538757774j),(2.2002369084082525-7.470686109671902j),(-0.6868603121726753+0.06846808809006814j),(1.7524004752539935+0.5640189871070767j),(6.756091098245665-5.585135459643679j),(0.7240388782765714-0.6025132834301123j),(-0.16904800959891342+1.6041795283586968j),(-0.864197731715011+0.4081009478565408j),(-1.6814448513188294-0.855826453482295j),(1.00037780460178-0.0001366319538757774j),(2.2002369084082525-7.470686109671902j)
1.74,(1.0003803841231085-0.000135117973771318j),(2.252260787183825-7.577573745164491j),(-0.6862227006178949+0.06120363786426876j),(1.7365895362835688+0.5717614159739864j),(6.8509399089366365-5.5745658360290244j),(0.7327143824702631-0.6101120679008176j),(-0.15800241487463498+1.5719217686264169j),(-0.8577422972846679+0.403698139570815j),(-1.7124618893480414-0.8365196603615709j),(1.0003803841231085-0.000135117973771318j),(2.252260787183825-7.577573745164491j)
1.75,(1.0003830168250496-0.00013340025794604104j),(2.306232794564158-7.685550837153624j),(-0.6856343212381157+0.053764635089600096j),(1.7200919176900058+0.5795622412607145j),(6.9478703156697454-5.56182909526486j),(0.7418187351336405-0.6180137964455052j),(-0.1475795029811394+1.5394496536687636j),(-0.8512235684626311+0.3990294517599859j),(-1.7441239142660647-0.8152476317384039j),(1.0003830168250496-0.00013340025794604104j),(2.306232794564158-7.685550837153624j)
1.76,(1.0003856966886286-0.00013147462623002164j),(2.3620987853860544-7.794456883159495j),(-0.6851028090759548+0.046151365092554304j),(1.7029102768803306+0.5873689877891068j),(7.046762234482423-5.5468294126769j),(0.7513752362902947-0.6262180200304454j),(-0.13777584922667227+1.506816316935186j),(-0.8446531435779491+0.39409071354352854j),(-1.7763199305800146-0.791855745690673j),(1.0003856966886286-0.00013147462623002164j),(2.3620987853860544-7.794456883159495j)
1.77,(1.0003884168995862-0.00012933758610177457j),(2.4197954776412294-7.904125701017779j),(-0.6846361124471729+0.03836486869731304j),(1.6850525815934747+0.5951267885548628j),(7.147481085137388-5.529477098411075j),(0.76140773889046-0.6347226958248775j),(-0.12858583788860325+1.4740755232456177j),(-0.8380435402263701+0.3888787267608335j),(-1.8089139225882507-0.7661902437946513j),(1.0003884168995862-0.00012933758610177457j),(2.4197954776412294-7.904125701017779j)
1.78,(1.0003911698753118-0.000126986383914987j),(2.4792512227003676-8.014387452874896j),(-0.6842424446965937+0.030406948768199823j),(1.6665323248436765+0.6027791274734617j),(7.249879016716654-5.509689722347661j),(0.7719406289787062-0.6435240960416396j),(-0.12000169504745642+1.4412810246130843j),(-0.8314080735020055+0.3833913251937032j),(-1.8417430597995568-0.7381015952028858j),(1.0003911698753118-0.000126986383914987j),(2.4792512227003676-8.014387452874896j)
1.79,(1.000393947301582-0.00012441905601909178j),(2.540386807407728-8.125070540834253j),(-0.6839302336793484+0.022280174008966834j),(1.6473686587236347+0.6102686325144925j),(7.3537962206446-5.487393168402153j),(0.7829987956027702-0.6526167114073228j),(-0.11201356627627398+1.4084859689149927j),(-0.8247607266549001+0.37762742407254973j),(-1.8746162733537897-0.7074484778446105j),(1.000393947301582-0.00012441905601909178j),(2.540386807407728-8.125070540834253j)
1.8,(1.0003967401791976-0.00012163447895875435j),(2.603116271423944-8.236003347690062j),(-0.6837080693054076+0.0139878799653422j),(1.6275864361881656+0.6175379035179j),(7.459062314369768-5.462522603375744j),(0.7946075887951506-0.6619931492027419j),(-0.10460963226369578+1.3757423683539531j),(-0.8181160159626673+0.37158705896261685j),(-1.9073133642995272-0.6741023710637405j),(1.0003967401791976-0.00012163447895875435j),(2.603116271423944-8.236003347690062j)
1.81,(1.0003995388804698-0.0001186324178433211j),(2.6673477248633-8.347015804510045j),(-0.683584649483474+0.005534167191317864j),(1.607216152584286+0.6245303568140209j),(7.565497778507798-5.435023347587155j),(0.8067927638086351-0.6716440259960492j),(-0.09777625519907815+1.343100632506432j),(-0.8114888517166189+0.36527141333414276j),(-1.9395848224014884-0.6379527163098039j),(1.0003995388804698-0.0001186324178433211j),(2.6673477248633-8.347015804510045j)
1.82,(1.000402333215349-0.0001154135719079944j),(2.7329841533162353-8.457940774651982j),(-0.6835687247910097-0.003076103446969j),(1.5862937819147105+0.6311910671960766j),(7.672915430214557-5.404851636786812j),(0.8195804096354362-0.6815578554173957j),(-0.09149814877242024+1.3106091686760009j),(-0.8048943972873542+0.3586828343507365j),(-1.971152544131038-0.5989125553276973j),(1.000402333215349-0.0001154135719079944j),(2.7329841533162353-8.457940774651982j)
1.83,(1.0004051125068265-0.00011197961623104901j),(2.79992419959148-8.568615250780082j),(-0.683669042181605-0.011837318343944128j),(1.5648605064716525+0.6374675869545647j),(7.781121915884307-5.371975267225803j),(0.8329968596935564-0.6917209316011466j),(-0.08575856490708203+1.2783140503251829j),(-0.7983479282494188+0.35182483665458486j),(-2.0017116367215664-0.5569244997711609j),(1.0004051125068265-0.00011197961623104901j),(2.79992419959148-8.568615250780082j)
1.84,(1.0004078656750715-0.00010833323854862643j),(2.868062913797797-8.678881367367039j),(-0.6838942880205023-0.02074312160819343j),(1.5429623423705234+0.6433107216744014j),(7.88991920690709-5.336374118139029j),(0.8470685824317986-0.7021172092545j),(-0.08053949080692921+1.2462587526163025j),(-0.7918646935092635+0.3447020941761398j),(-2.0309334775854686-0.5119668248953052j),(1.0004078656750715-0.00010833323854862643j),(2.868062913797797-8.678881367367039j)
1.85,(1.0004105813295903-0.00010447817009569154j),(2.937292465585008-8.788587235924041j),(-0.6842530307156127-0.029786428394022076j),(1.5206496674359993+0.6486752433640334j),(7.9991060831208864-5.298040548227501j),(0.8618220494971923-0.71272818170457j),(-0.07582185051478194+1.2144839525893023j),(-0.7854597802972202+0.3373204202403294j),(-2.0584701613292657-0.46405941731024475j),(1.0004105813295903-0.00010447817009569154j),(2.937292465585008-8.788587235924041j)
1.86,(1.000413247868523-0.00010041920943330536j),(3.0075028143827525-8.89758761379071j),(-0.6847536631866723-0.038959441103905396j),(1.4979766616224612+0.6535205232199661j),(8.108479589701215-5.256979664922929j),(0.8772835790386435-0.7235327587331323j),(-0.07158570589820752+1.183027390267261j),(-0.7791479847563654+0.32968673647219887j),(-2.083960407535319-0.41326924885201743j),(1.000413247868523-0.00010041920943330536j),(3.0075028143827525-8.89758761379071j)
1.87,(1.0004158535840264-9.61622382709156e-05j),(3.078582335250782-9.00574441980899j),(-0.6854043453913039-0.048253668453975926j),(1.4750006734703414+0.6578110688598546j),(8.217836454489444-5.213209467241651j),(0.8934791517041726-0.7345071465311794j),(-0.06781045275639148+1.1519237860159914j),(-0.7729436896944466+0.3218090312142429j),(-2.1070369208425137-0.3597150031663443j),(1.0004158535840264-9.61622382709156e-05j),(3.078582335250782-9.00574441980899j)
1.8800000000000001,(1.0004183867725316-9.171422837530434e-05j),(3.15041839945377-9.112927111721444j),(-0.6862129471056688-0.05765994739731962j),(1.451781528817428+0.6615169540563393j),(8.326974454118941-5.166760864848062j),(0.9104341969446968-0.7456247326935962j),(-0.06447500853730954+1.1212048087864241j),(-0.7668607508663505+0.31369630834879075j),(-2.127335092899565-0.30357045725943793j),(1.0004183867725316-9.171422837530434e-05j),(3.15041839945377-9.112927111721444j)
1.8900000000000001,(1.000420835848525-8.708323876919015e-05j),(3.222897910088533-9.219012940824266j),(-0.6871869911410364-0.06716846790574109j),(1.4283807999480713+0.6646141326996863j),(8.435693718707336-5.117677577529092j),(0.9281733473861692-0.7568559798237895j),(-0.06155798893316399+1.0908990894202306j),(-0.7609123929317342+0.3053585275664813j),(-2.144502819166002-0.2450662255819036j),(1.000420835848525-8.708323876919015e-05j),(3.222897910088533-9.219012940824266j)
1.9000000000000001,(1.0004231894603706-8.227840256012036e-05j),(3.2959077940318195-9.323887099428896j),(-0.6883335971677055-0.07676880061940543j),(1.4048610544744067+0.6670846327047552j),(8.543797966304002-5.066015920622078j),(0.94672015929761-0.7681683320206666j),(-0.059037871356544855+1.0610322729752175j),(-0.7551111159938155+0.2968065372326436j),(-2.158211081629709-0.1844895161677217j),(1.0004231894603706-8.227840256012036e-05j),(3.2959077940318195-9.323887099428896j)
1.9100000000000001,(1.0004254366065926-7.730990290497369e-05j),(3.3693354521660996-9.427442776200014j),(-0.6896594263157216-0.08644992738471952j),(1.3812851034627593+0.6689166296357966j),(8.65109565967929-5.0118444830392415j),(0.9660967975906184-0.7795261392621269j),(-0.056893143969725134+1.0316271039973361j),(-0.7494686133794763+0.2880520010756125j),(-2.1681648338623347-0.12218163078582593j),(1.0004254366065926-7.730990290497369e-05j),(3.3693354521660996-9.427442776200014j)
1.92,(1.0004275667509612-7.218893779817254e-05j),(3.4430691703093466-9.529581133584966j),(-0.6911706267288537-0.09620027471308745j),(1.3577152676666993+0.6701044037321104j),(8.757401079390807-4.9552437054025935j),(0.9863236843627169-0.7908906054595611j),(-0.05510243953144238+1.0027035387984449j),(-0.7439957010760171+0.279107319954746j),(-2.174113632074497-0.058533063148341766j),(1.0004275667509612-7.218893779817254e-05j),(3.4430691703093466-9.529581133584966j)
1.93,(1.0004295699346797-6.692767357464198e-05j),(3.516998493557419-9.630211220455337j),(-0.6928727802649628-0.1060077502056184j),(1.3342126792837836+0.67064818757889j),(8.862535308341963-4.896305366458206j),(1.0074191107683113-0.8022197667080632j),(-0.05364465383211926+0.9742788790608654j),(-0.7387022590037711+0.2699855499628759j),(-2.17586139975238+0.006023795568756166j),(1.0004295699346797-6.692767357464198e-05j),(3.516998493557419-9.630211220455337j)
1.94,(1.0004314368839615-6.153918723364749e-05j),(3.5910145668788913-9.729249831848728j),(-0.6947708505623997-0.11585978200012212j),(1.3108366345409517+0.6705539147146533j),(8.966327124246101-4.835131986398112j),(1.0293988129907128-0.8134685069593236j),(-0.052499048907557855+0.9463679214507477j),(-0.7335971840830173+0.2607003180812491j),(-2.1732747065898192+0.07102415871298838j),(1.0004314368839615-6.153918723364749e-05j),(3.5910145668788913-9.729249831848728j)
1.95,(1.000433159111308-5.6037397907727444e-05j),(3.665010444814827-9.826621326410255j),(-0.6968691327280405-0.1257433613052701j),(1.2876440097930661+0.6698328818776951j),(9.068613797518621-4.771836156003204j),(1.0522755143153724-0.8245886189507377j),(-0.05164534155463453+0.9189831183545286j),(-0.7286883548537907+0.2512657365389663j),(-2.166288992529071+0.13598218922372973j),(1.000433159111308-5.6037397907727444e-05j),(3.665010444814827-9.826621326410255j)
1.96,(1.0004347290088638-5.043698802770817e-05j),(3.7388813730596815-9.922257410850634j),(-0.6991712049471287-0.13564508809092843j),(1.2646887508687037+0.6685013392969937j),(9.169241793136658-4.7065398006537595j),(1.0760584367789894-0.8355289186770388j),(-0.05106377792542125+0.8921347453322852j),(-0.7239826072325222+0.2416963169386211j),(-2.1549122756773813+0.20040366109294355j),(1.0004347290088638-5.043698802770817e-05j),(3.7388813730596815-9.922257410850634j)
1.97,(1.0004361399323205-4.475331494240053e-05j),(3.8125250445598846-10.01609689950617j),(-0.7016798823668238-0.14555122000166915j),(1.242021442299237+0.6665800244066219j),(9.268067375931393-4.639373388258245j),(1.1007527875907177-0.846235421921949j),(-0.05073519515555582+0.8658310713881262j),(-0.7194857208428881+0.2320068851009217j),(-2.1392260415982403+0.2637992855261763j),(1.0004361399323205-4.475331494240053e-05j),(3.8125250445598846-10.01609689950617j)
1.98,(1.0004373862739773-3.900231396381812e-05j),(3.885841832584912-10.108085455934967j),(-0.70439717366233-0.1554477245505987j),(1.2196889599937646+0.6640936546323191j),(9.36495711961633-4.570475090046609j),(1.1263592274737475-0.8566515913007422j),(-0.05064107109696712+0.8400785286742913j),(-0.7152024152413718+0.2222124974593753j),(-2.1193832062328415+0.32569797925455085j),(1.0004373862739773-3.900231396381812e-05j),(3.885841832584912-10.108085455934967j)
1.99,(1.0004384635237307-3.320039398735405e-05j),(3.9587350030188477-10.198175322431672j),(-0.7073242407543424-0.1653203346312994j),(1.197734208024417+0.6610703945293677j),(9.459788320610238-4.499989902981013j),(1.1528733302215388-0.8667186618186603j),(-0.050763563283255854+0.814881878758838j),(-0.711136355271227+0.21232835970740127j),(-2.0956032548498627+0.3856593461947444j),(1.0004384635237307-3.320039398735405e-05j),(3.9587350030188477-10.198175322431672j)
2.0,(1.0004393683169654-2.736432699983739e-05j),(4.031110907902441-10.286325042398119j),(-0.7104613622065151-0.17515460735548102j),(1.1761959375852484+0.6575413116369044j),(9.5524493418495-4.428068726644512j),(1.1802850450421998-0.8763760520422303j),(-0.05108553827050799+0.7902443730975948j),(-0.7072901647209794+0.20236974826991924j),(-2.0681648614686723+0.44328470398224323j),(1.0004393683169654-2.736432699983739e-05j),(4.031110907902441-10.286325042398119j)
