t,B00_A_0000,B00_A_0001,B00_A_0002,B00_A_0003,B00_A_0004
0.0,(2.876197531001638e-05+9.702048858004191e-20j),(2.88680934139108e-12-1.986412995150355e-27j),(0.009305627491351965-2.3789323406510997e-17j),(2.0073714449658953e-07+5.704022608267724e-23j),(1.1184762383161125e-10+6.080890876558166e-26j)
0.01,(3.278125766250232e-05-1.2609122226161247e-05j),(3.8072535460630625e-12-3.4272703637719635e-12j),(0.00837997583571551-0.003107863986512628j),(1.4787646110256298e-07-7.652155236197771e-08j),(2.2084253629571759e-10-7.11362669746086e-11j)
0.02,(3.180897817257123e-05-2.8585122675953612e-05j),(1.2840600943304982e-12-8.997684902613047e-12j),(0.006501378796727083-0.005591623756067578j),(7.936044326511762e-08-1.1339267160496248e-07j),(3.8339084561854017e-10-2.6775427851072786e-10j)
0.03,(2.3807750337506803e-05-4.6127286178443424e-05j),(-7.971948800760828e-12-1.3957241805256583e-11j),(0.003980572747081184-0.0071909325131466004j),(1.4214369911339192e-08-1.1447516569009517e-07j),(5.729268419396124e-10-7.153106716819104e-10j)
0.04,(7.335447778112105e-06-6.236463746615792e-05j),(-2.5743072502056745e-11-1.1650984020879524e-11j),(0.001185278065783522-0.00778078061566472j),(-3.46371848494211e-08-9.000797232963777e-08j),(6.813146349336898e-10-1.6095418940855693e-09j)
0.05,(-1.7932250514023107e-05-7.353661686419718e-05j),(-4.855947986284952e-11+8.317355819507113e-12j),(-0.0015139362678074537-0.0073765260258342935j),(-6.139310993177829e-08-5.271470467639074e-08j),(4.381577826085587e-10-3.216438060836955e-09j)
0.06,(-5.072972829097492e-05-7.542009537251064e-05j),(-6.314515658626738e-11+5.694078940121076e-11j),(-0.0037932522521081963-0.006118782239156319j),(-6.662237594298395e-08-1.442697344678785e-08j),(-7.0779127637532e-10-5.833206021808222e-09j)
0.07,(-8.789471844502332e-05-6.3989502014151e-05j),(-4.3087434182944e-11+1.3847486827299008e-10j),(-0.005413768959901035-0.004242347330536586j),(-5.535872196291184e-08+1.618539021445467e-08j),(-3.740263625832125e-09-9.676810455690608e-09j)
0.08,(-0.00012433814108133478-3.624273971905282e-05j),(5.007964027268278e-11+2.3894574406659043e-10j),(-0.006243844886238046-0.0020354243816104313j),(-3.476297622618258e-08+3.4580041443317827e-08j),(-1.0236673069253994e-08-1.4659173774422363e-08j)
0.09,(-0.0001533719756523128+8.926598953108045e-06j),(2.5774575002323856e-10+3.126847199011143e-10j),(-0.006264177253313134+0.00020381724151073114j),(-1.1980217650443317e-08+4.01482025083277e-08j),(-2.248831778556528e-08-2.000887322977283e-08j)
0.1,(-0.0001674226622009147+6.996805758563168e-05j),(6.043439549998393e-10+2.717209510922072e-10j),(-0.005557012097850489+0.002206746129313198j),(7.3935131821517455e-09+3.522544031094415e-08j),(-4.349652412931842e-08-2.3714504164116424e-08j)
0.11,(-0.00015908685302034537+0.00014219363968006113j),(1.066700906457517e-09-1.485773048100861e-11j),(-0.004283111294853603+0.0037647150710619416j),(2.007129000174314e-08+2.3748662143217583e-08j),(-7.67307937103525e-08-2.180000178254451e-08j)
0.12,(-0.00012241085479591974+0.00021772718753153468j),(1.5368959864698898e-09-7.036722340123489e-10j),(-0.002651447926294171+0.004747423583701747j),(2.511744838394943e-08+9.955313056369402e-09j),(-1.2551782023532442e-07-7.500011028465493e-09j)
0.13,(-5.4212538055447455e-05+0.00028597851797113516j),(1.787913170593474e-09-1.935794120141045e-09j),(-0.0008869118335838641+0.005108415960242576j),(2.3472611633063246e-08-2.603329802645244e-09j),(-1.9193773834152412e-07+2.9522707322355357e-08j)
0.14,(4.477373550791009e-05+0.00033465814230773243j),(1.4556177007679016e-09-3.7700255503705156e-09j),(0.0007992136433336461+0.004878960892340873j),(1.7217399478258178e-08-1.1612964478286821e-08j),(-2.7515077578253227e-07+1.0369405128006552e-07j)
0.15,(0.0001691498712432634+0.00035125429789295716j),(5.23346223357567e-11-6.096596099347397e-09j),(0.0022324598146688064+0.0041530406503746025j),(8.812574565479853e-09-1.6122442698633055e-08j),(-3.6916999113881476e-07+2.3348773200663474e-07j)
0.16,(0.0003086852217171497+0.0003248040605273819j),(-2.9749485053718514e-09-8.545623243520144e-09j),(0.0032900531776016203+0.0030669622179633773j),(4.859584139587575e-10-1.6347273078168348e-08j),(-4.6022982477914493e-07+4.405048640665282e-07j)
0.17,(0.0004488311260072387+0.0002477222031905058j),(-8.135562823774707e-09-1.0412063979699482e-08j),(0.003906996800873029+0.0017772116529976923j),(-6.148865459953685e-09-1.3291424589199648e-08j),(-5.240605592804056e-07+7.47382562104148e-07j)
0.18,(0.0005719236808460978+0.0001174189618316482j),(-1.5739853604294285e-08-1.0622720050715691e-08j),(0.004074189146968974+0.0004397200505014356j),(-1.0234258905587315e-08-8.323222219327564e-09j),(-5.235363912056784e-07+1.1743475679529855e-06j)
0.19,(0.0006589724465993725-6.255136396375885e-05j),(-2.571472788108761e-08-7.769194578781483e-09j),(0.003830332383529295-0.0008071147800918367j),(-1.1616731597591774e-08-2.807341080198833e-09j),(-4.072823541140412e-07+1.7344167089144956e-06j)
0.2,(0.0006918372693194008-0.00028201561073439236j),(-3.741875399069944e-08-2.2278238208138348e-10j),(0.0032498487828154193-0.0018542924810906j),(-1.067363735010611e-08+2.150206818677958e-09j),(-1.0986459136487156e-07+2.427492817557928e-06j)
0.21,(0.000655528107456174-0.0005244978415446077j),(-4.9492910186164186e-08+1.3666043179938695e-08j),(0.0024290724461335155-0.0026285609964116596j),(-8.091891259978898e-09+5.829533475953643e-09j),(4.458799222217608e-07+3.2338766665094996e-06j)
0.22,(0.0005403348918773973-0.000768336378773982j),(-5.978387977906856e-08+3.529721946934429e-08j),(0.001472705778790611-0.003093649671033866j),(-4.657457777920014e-09+7.913224585258334e-09j),(1.3440055499216056e-06+4.107963014074836e-06j)
0.23,(0.00034350992660941467-0.0009885029764519961j),(-6.536998065485004e-08+6.55093485798931e-08j),(0.0004820468706596476-0.0032473329320036014j),(-1.0922875574855408e-09+8.424793668593088e-09j),(2.6680357379737923e-06+4.9730580985755006e-06j)
0.24,(7.028050651709056e-05-0.0011589328025025077j),(-6.270620023316982e-08+1.0426756195697618e-07j),(-0.0004540708049167695-0.0031155638738573524j),(2.0465617235216253e-09+7.626396301633264e-09j),(4.491208323272984e-06+5.718289507694132e-06j)
0.25,(-0.0002659462838325167-0.001255104605168066j),(-4.78869788733231e-08+1.5039891249589506e-07j),(-0.0012652457888679245-0.0027449782361053743j),(4.407900708132416e-09+5.908054771518516e-09j),(6.865116726992698e-06+6.198526783616314e-06j)
0.26,(-0.0006442255638730135-0.0012565885648422373j),(-1.700672071974028e-08+2.0141815592467616e-07j),(-0.0019024391784131364-0.002194936607955056j),(5.840442830303241e-09+3.6908223464843407e-09j),(9.807677987774618e-06+6.2379588865708845e-06j)
0.27,(-0.0010374988814313847-0.001149283568983418j),(3.3418630652561314e-08+2.534776958937775e-07j),(-0.002338274234855653-0.00153003947331003j),(6.3568312164405425e-09+1.355857996456744e-09j),(1.3291666655619243e-05+5.6376011438539825e-06j)
0.28,(-0.0014146500008491672-0.0009271124412783848j),(1.0601621825132232e-07+3.014591080492028e-07j),(-0.0025652945378324067-0.0008137572638237141j),(6.0839462864998155e-09-7.975957578743034e-10j),(1.7235133343999572e-05+4.186575884433822e-06j)
0.29,(-0.0017429794222290533-0.0005930137726351088j),(2.0215736807261882e-07+3.3920412684189967e-07j),(-0.0025928378563014084-0.00010353174343242537j),(5.212288838098644e-09-2.568504454398707e-09j),(2.149491117368404e-05+1.6765530700958138e-06j)
0.3,(-0.0019908523537456473-0.00015915127714606292j),(3.216406477493311e-07+3.598646887122069e-07j),(-0.0024431577636574355+0.0005525430576247472j),(3.9527063112836234e-09-3.850995352281595e-09j),(2.586416781855131e-05-2.0816513323268903e-06j)
0.31,(-0.002130273123847779+0.0003536544028923109j),(4.6249101616598827e-07+3.5633699119455353e-07j),(-0.0021473341650961302+0.0011175430441266426j),(2.504463908665273e-09-4.61921298841984e-09j),(3.0074583425910326e-05-7.240595394329746e-06j)
0.32,(-0.0021391643446015637+0.0009171916559518981j),(6.208935816699018e-07+3.217358025506856e-07j),(-0.0017413890090404542+0.0015662491835038853j),(1.0353478260439194e-09-4.906572243222586e-09j),(3.3803287366211564e-05-1.3899246140400793e-05j)
0.33,(-0.002003174878587512+0.0014976837572639305j),(7.91263474347852e-07+2.498633063064615e-07j),(-0.0012628897723805362+0.0018846728785340567j),(-3.276501339830933e-10-4.784346104637024e-09j),(3.6684233051355215e-05-2.208788075301826e-05j)
0.34,(-0.001716898620370651+0.002057999710966322j),(9.664376766476141e-07+1.356311978381561e-07j),(-0.0007481991290355762+0.002068867338208821j),(-1.4995739687040418e-09-4.34276265485011e-09j),(3.83232908305982e-05-3.1756008958856964e-05j)
0.35000000000000003,(-0.001284447946418075+0.002560060059562193j),(1.1379625129706808e-06-2.4595825419939736e-08j),(-0.0002304256967684199+0.002123303257743924j),(-2.4334122076817737e-09-3.6762106570259764e-09j),(3.8316042857373206e-05-4.276415849072511e-05j)
0.36,(-0.0007193840945941801+0.002967252542452529j),(1.2964431643110155e-06-2.327546036485646e-07j),(0.00026194711990048353+0.002059047054011625j),(-3.113126503562922e-09-2.872956451021003e-09j),(3.6267100776445427e-05-5.4879984669396646e-05j)
0.37,(-4.405536331802599e-05+0.0032466930265464527j),(1.4319201612447285e-06-4.889417402356654e-07j),(0.0007058291983876486+0.0018919291535714835j),(-3.5457057168598835e-09-2.0089990835935646e-09j),(3.180977536592289e-05-6.777878799757239e-05j)
0.38,(0.0007115702926584594+0.0033711973388894302j),(1.53424419053276e-06-7.913668839339294e-07j),(0.0010837931115576735+0.0016408373139319586j),(-3.7535423734852844e-09-1.145286039298031e-09j),(2.462517682245913e-05-8.10482310447305e-05j)
0.39,(0.001511452020160709+0.003320877683932836j),(1.593408295343274e-06-1.1363953659901767e-06j),(0.0013839582638583178+0.001326212426821741j),(-3.7679044301455894e-09-3.273577390722077e-10j),(1.4459274970577966e-05-9.419641217143203e-05j)
0.4,(0.0023153015952290697+0.0030842977820505746j),(1.5998341338009863e-06-1.5186484045771202e-06j),(0.0015996011719518856+0.0009688001250378901j),(-3.623800797616399e-09+4.1341218893292e-10j),(1.1378990294062416e-06-0.00010666297245926137j)
0.41000000000000003,(0.0030805537079329763+0.0026591735000318713j),(1.5445945666053797e-06-1.9311382325018092e-06j),(0.0017285902976962252+0.0005886624888987155j),(-3.3562824707577086e-09+1.057717208892851e-09j),(-1.5420901768601687e-05-0.00011783207373014064j)
0.42,(0.003764374828483134+0.0020526306288784703j),(1.4195720486906662e-06-2.365411825434048e-06j),(0.001772727221572837+0.00020443894784761017j),(-2.9980265462189925e-09+1.5958904077946539e-09j),(-3.519712189182931e-05-0.00012704643607515674j)
0.43,(0.004325620724938556+0.0012810532107814584j),(1.217561129142395e-06-2.8116784186207705e-06j),(0.001737058086933307-0.0001671699250990434j),(-2.5779676520490372e-09+2.025510219939901e-09j),(-5.806137346076422e-05-0.00013362172992724923j)
0.44,(0.004726672204003603+0.0003695706629637094j),(9.323296352291908e-07-3.2589003036089843e-06j),(0.0016292014275516582-0.0005117304243068678j),(-2.1207213974622985e-09+2.3492564585929763e-09j),(-8.3769260813594e-05-0.00013686079505329963j)
0.45,(0.004935099501276333-0.0006487612376784484j),(5.586585404923521e-07-3.6948315111000632e-06j),(0.001458722532530774-0.0008172528461865782j),(-1.6465622741314271e-09+2.5731233580720686e-09j),(-0.00011195689714623802-0.00013606741105033724j)
0.46,(0.004925124900969902-0.0017340302946250341j),(9.238454994531695e-08-4.105994747261708e-06j),(0.0012365711104749693-0.0010742538548774016j),(-1.1717558564600717e-09+2.705019875345858e-09j),(-0.00014213683486865873-0.00013055963027622743j)
0.47000000000000003,(0.004678869036270218-0.002840738689022312j),(-4.6952762946262703e-07-4.47759302951469e-06j),(0.0009745884326062144-0.0012757364479611688j),(-7.090888030967592e-10+2.7537398027903792e-09j),(-0.0001736936918580911-0.00011968298593589679j)
0.48,(0.004187377870290548-0.003919233454037766j),(-1.1288541690041411e-06-4.793358777528813e-06j),(0.0006850822877442101-0.0014171146788613436j),(-2.68481849547117e-10+2.7282585331312075e-09j),(-0.0002058788448775765-0.00010282419062957951j)
0.49,(0.0034514340242122335-0.004917266475838888j),(-1.8858912011246676e-06-5.0353498164269116e-06j),(0.0003804627120166747-0.0014961044018984419j),(1.42393572022295e-10+2.637302937369096e-09j),(-0.0002378037268697721-7.942623349662334e-05j)
0.5,(0.0024821577399571824-0.00578166550006064j),(-2.7391115813103314e-06-5.1837092320232405e-06j),(7.292822188054103e-05-0.001512595300771924j),(5.175468132007583e-10+2.4891400759997925e-09j),(-0.0002684315064875969-4.9006059690878865e-05j)
0.51,(0.0013013994879737022-0.006460108409525317j),(-3.6846654391371814e-06-5.216414869236789e-06j),(-0.00022580917137986754-0.00146851371651037j),(8.521793805631882e-10+2.2915349313189627e-09j),(-0.0002965672499263328-1.1176267993486068e-05j)
0.52,(-5.8081550389279266e-05-0.006903001649449559j),(-4.715689767530442e-06-5.109055223048464e-06j),(-0.0005047718730976569-0.001367680542500459j),(1.1422947213845706e-09+2.05183381891154e-09j),(-0.0003208470759403819+3.4327516938780395e-05j)
0.53,(-0.0015526706273111782-0.007065465894663611j),(-5.821396861376303e-06-4.8346789724481795e-06j),(-0.0007539477098216994-0.0012156628904521245j),(1.3844165063752286e-09+1.7771377938852355e-09j),(-0.0003397274758046635+8.761211430053009e-05j)
0.54,(-0.0031282129593349917-0.0069094368240057435j),(-6.985909206485337e-06-4.363789933832591e-06j),(-0.0009645128625623458-0.0010196180730639899j),(1.5754236379058575e-09+1.474533093353056e-09j),(-0.0003514761567220519+0.0001485830210033143j)
0.55,(-0.0047206398367757646-0.006405898306601305j),(-8.186793148849271e-06-3.6645866029255067e-06j),(-0.0011290537745700705-0.0007881225529076556j),(1.7125049274689757e-09+1.1513406856959124e-09j),(-0.0003541662862110926+0.00021688767146016405j)
0.56,(-0.0062569743604974325-0.00553721115974831j),(-9.393314972048995e-06-2.7035323223347607e-06j),(-0.0012417842754201085-0.0005309683034543603j),(1.793230404786327e-09+8.153697123534771e-10j),(-0.0003456789874738369+0.00029184719678644367j)
0.5700000000000001,(-0.007656800064282321-0.00429952689712152j),(-1.0564403679616133e-05-1.4464336888210568e-06j),(-0.0012987584862810618-0.000258927032516707j),(1.8157441283099207e-09+4.751347374267098e-10j),(-0.000323717332345757+0.00037237284410647113j)
0.58,(-0.008834290671632048-0.0027052229891392156j),(-1.1646374831153403e-05+1.397957501855421e-07j),(-0.0012980722944791053+1.6531559957867477e-05j),(1.7790711345696059e-09+1.4000310081575292e-10j),(-0.00028583803098862655+0.0004568667008941661j)
0.59,(-0.009700906040247514-0.000785262198635968j),(-1.2570520502337054e-05+2.0844668919178826e-06j),(-0.001240041151384878+0.00028357641489514586j),(1.68352472364627e-09-1.797667330763094e-10j),(-0.0002295081921505988+0.0005431070301550086j)
0.6,(-0.01016885674262741+0.0014086685348563683j),(-1.325075234910669e-05+4.409291222767406e-06j),(-0.0011273371468060397+0.0005304122457700047j),(1.5311880732281944e-09-4.731378193591818e-10j),(-0.00015219611946628547+0.0006281202371795048j)
0.61,(-0.0101554229422763+0.003802439579214955j),(-1.3581598436590263e-05+7.123135356970364e-06j),(-0.0009650640454721177+0.0007457378181188262j),(1.3264275437310713e-09-7.285995237765834e-10j),(-5.150669070078132e-05+0.0007080440525802038j)
0.62,(-0.009588177334989057+0.006298441149758005j),(-1.3437004310414774e-05+1.0215099679217723e-05j),(-0.0007607458417608367+0.0009192592200762585j),(1.0763747873248269e-09-9.346984315127586e-10j),(7.462680346581138e-05+0.0007779901020938158j)
0.63,(-0.008411101798257744+0.008775549130031132j),(-1.2670576410966103e-05+1.364572643505157e-05j),(-0.00052420309649264+0.0010422434227128302j),(7.912929970886278e-10-1.0808128696423458e-09j),(0.00022768175212046457+0.0008319188394539431j)
0.64,(-0.006591498254658182+0.011090471565648054j),(-1.111812690482399e-05+1.7336275711424653e-05j),(-0.0002672926459721012+0.0011080875019362014j),(4.84723152861933e-10-1.1581602283040887e-09j),(0.00040820400303239444+0.0008625459919944905j)
0.65,(-0.004127472620616421+0.013080891922588146j),(-8.603618525008945e-06+2.1156246347914445e-05j),(-3.4910037256161673e-06+0.001112868262256869j),(1.7329466768900329e-10-1.1609848633242993e-09j),(0.000615374220252284+0.0008613072420757093j)
0.66,(-0.0010556156785146815+0.014570834172902064j),(-4.949835451738201e-06+2.4909699087760745e-05j),(0.00025268942407201785+0.001055826722983698j),(-1.2391119135095747e-10-1.0878210867998737e-09j),(0.0008464774914215684+0.0008184166673374252j)
0.67,(0.0025416803821877105+0.015378637835095903j),(4.731168188788945e-09+2.8321496697915357e-05j),(0.00048644893544562656+0.0009397334480775407j),(-3.8652918431165167e-10-9.426655998452941e-10j),(0.00109627931175414+0.0007230639891509037j)
0.68,(0.0065300366548354215+0.015327830072535364j),(6.381278075952147e-06+3.1025336221918574e-05j),(0.0006835939612948873+0.0007710758114426756j),(-5.946350839238775e-10-7.358365634811353e-10j),(0.00135632434152537+0.0005638049590165113j)
0.6900000000000001,(0.010719008890664412+0.014260998511804379j),(1.4227104232685013e-05+3.2556413931472084e-05j),(0.0008315341717309011+0.000560008977964335j),(-7.309611386351726e-10-4.842574290467861e-10j),(0.0016141935112978139+0.0003292066430180214j)
0.7000000000000001,(0.01486127503855838+0.01205648711281882j),(2.347243529045374e-05+3.235269148136345e-05j),(0.0009203190130771385+0.0003200205834833214j),(-7.834124624647635e-10-2.1090190285487678e-10j),(0.0018527809424717942+8.812563075007501e-06j)
0.71,(0.018656369909932316+0.008647349854076874j),(3.3878278169211416e-05+2.9769909129940857e-05j),(0.000943627018895896+6.72763380827932e-05j),(-7.475555033200503e-10+5.680772087134907e-11j),(0.002049684921182563-0.00040551162755631594j)
0.72,(0.021760268116500777+0.004041533597700358j),(4.497788476041197e-05+2.4116589021535845e-05j),(0.0008996031699076863-0.00018035803094457555j),(-6.286205512115754e-10+2.8972741249602823e-10j),(0.002176843737441332-0.0009178055246013782j)
0.73,(0.023801944341840117-0.0016584070100282133j),(5.6017295996965114e-05+1.4715462177729697e-05j),(0.0007914285436014332-0.0004045911441907786j),(-4.4248141389244725e-10+4.607149247054e-10j),(0.0022005961707990775-0.0015258062958342046j)
0.74,(0.024407652085806194-0.008238254971586192j),(6.590411340214572e-05+9.976985116700115e-07j),(0.0006275134858305846-0.000588202936756893j),(-2.1508940633192024e-10+5.489569468395073e-10j),(0.0020823784769524976-0.0022183430272452137j)
0.75,(0.023233116229637675-0.015360429748211106j),(7.31782430694272e-05-1.736564027230413e-05j),(0.00042121980479269594-0.000716645724246679j),(2.00123831900977e-11+5.442208762245414e-10j),(0.0017802981434369596-0.0029724428000707384j)
0.76,(0.020002792575474302-0.022560970130520663j),(7.602293644383788e-05-4.029569366926788e-05j),(0.0001900525461336026-0.0007795960232508497j),(2.261560188000058e-10+4.50122175810114e-10j),(0.0012518499328072483-0.003750380214870898j)
0.77,(0.014554183546174217-0.02925847275828477j),(7.233814467390806e-05-6.710886543567013e-05j),(-4.567870439529283e-05-0.0007722671208591398j),(3.6960831468445466e-10+2.854142637623268e-10j),(0.00045799965131904585-0.0044970194641491676j)
0.78,(0.00688379907774917-0.034777998254034076j),(5.989984491267483e-05-9.630885870210337e-05j),(-0.0002646593815896121-0.0006962866961148879j),(4.2630835211644555e-10+8.245557959054914e-11j),(-0.0006312129805617653-0.005137944281352513j)
0.79,(-0.0028101057338413547-0.03839209675194355j),(3.66264702711919e-05-0.000125398987158726j),(-0.00044668388628832666-0.0005599632838529586j),(3.8789242530708257e-10-1.1755273984995582e-10j),(-0.0020295460819435332-0.005579013010437554j)
0.8,(-0.01409418764324835-0.03937959694440437j),(9.647836398996067e-07-0.00015076097015665868j),(-0.0005748654320513047-0.0003778166760423009j),(2.6535676619630393e-10-2.7224697942306097e-10j),(-0.0037261196366218208-0.005708089090134128j)
0.81,(-0.02628311172455212-0.03710063514376632j),(-4.760950594742141e-05-0.00016766038034579628j),(-0.000637669981178004-0.00016932969146516116j),(8.883536177679032e-11-3.474989109477283e-10j),(-0.005676194409326282-0.005399745028934864j)
0.8200000000000001,(-0.03844626454950155-0.031083674586795472j),(-0.00010800752166735865-0.00017044792916104742j),(-0.0006304818010477472+4.301494474993523e-05j),(-9.740325750728427e-11-3.264885861219873e-10j),(-0.007792061601952704-0.00452367691757221j)
0.8300000000000001,(-0.04944435188763446-0.02111722407345843j),(-0.00017692576539710738-0.00015302454417251174j),(-0.0005564314136070365+0.00023623221623907375j),(-2.445202350184281e-10-2.159016932439474e-10j),(-0.009935347086949813-0.0029573516313915185j)
0.84,(-0.05799997137473423-0.007336004799623003j),(-0.00024833453082867963-0.00010962076369374095j),(-0.00042628910229276556+0.0003895786116302956j),(-3.1159151988689226e-10-4.6825840434023274e-11j),(-0.011912418753199299-0.0006030027063572832j)
0.85,(-0.06280272914466363+0.009711037054662343j),(-0.0003132026745883092-3.590204791701012e-05j),(-0.0002573452253064225+0.00048717637754944556j),(-2.780187946523606e-10+1.3113417356890395e-10j),(-0.013474864280697081+0.0025915240192963766j)
0.86,(-0.062644749618754+0.0290246131043449j),(-0.00035963274701241506+6.965153903214951e-05j),(-7.134880551478291e-05+0.0005201258987035708j),(-1.5207178298108827e-10+2.6226762177967693e-10j),(-0.014327078221452946+0.006609381034974035j)
0.87,(-0.056576927853464215+0.049163953618799903j),(-0.0003735826292260537+0.00020422799106405149j),(0.00010826473881987977+0.0004877520090853482j),(2.8001253104038247e-11+3.0125223886930347e-10j),(-0.014142755022123399+0.011341028205677148j)
0.88,(-0.044070730337067085+0.06831099579384263j),(-0.00034031222454036927+0.0003592646619358175j),(0.000259487788152793+0.00039773589754243054j),(2.0232784455046648e-10+2.2927263389305724e-10j),(-0.012591494476848649+0.016563418215694712j)
0.89,(-0.02516548844976813+0.0843944268019598j),(-0.0002466067130916989+0.0005194526639558057j),(0.0003647337631163236+0.0002650475639709197j),(3.065567609352799e-10+6.425275877152135e-11j),(-0.009375451767819539+0.021926052408528365j)
0.9,(-0.0005783227360297849+0.09527128592776953j),(-8.367861652358725e-05+0.0006625564864385804j),(0.00041323776701532024+0.00010978644052196802j),(2.9385690379768675e-10-1.396914528708708e-10j),(-0.004274645049045101+0.0269483520737272j)
0.91,(0.028246032313503217+0.09895473505219096j),(0.0001495329591611911+0.0007604359680670785j),(0.0004024584952498384-4.576412338984122e-05j),(1.5504957765735816e-10-3.0588927519248037e-10j),(0.0028023499982899438+0.031032604729994643j)
0.92,(0.05916448282466823+0.0938668278311037j),(0.0004431483855871678+0.0007815642627289095j),(0.00033822833442171703-0.0001804100262401609j),(-7.09369508038948e-11-3.599566422828554e-10j),(0.011767767234292511+0.03349579305609439j)
0.93,(0.08945530715935315+0.07908787707562442j),(0.0007738846239107702+0.000695148359128418j),(0.0002336128129662983-0.00027711712286708793j),(-3.025586404457518e-10-2.592660253771849e-10j),(0.022311001613502045+0.03362178506526839j)
0.9400000000000001,(0.11602900492364786+0.0545688740330784j),(0.0011041123807372477+0.00047666198703100117j),(0.00010666479098981192-0.0003253720201798786j),(-4.389823914527196e-10-1.694609020052428e-11j),(0.03386997426003262+0.030732758167118776j)
0.9500000000000001,(0.13571797399531504+0.021272727437286015j),(0.001383173489029151+0.00011423575296487374j),(-2.2542719311091744e-05-0.0003224452880057469j),(-3.967803722679232e-10+2.9031834256746195e-10j),(0.045625579523703844+0.024275537429812546j)
0.96,(0.1456194690812409-0.018785406409378376j),(0.0015514953951754266-0.00038502472174150264j),(-0.00013509211169702827-0.00027336559085396224j),(-1.490949223055083e-10+5.380523608437821e-10j),(0.05652601993639367+0.013915170951658618j)
0.97,(0.14345487872460916-0.06261863330830078j),(0.0015476489932604327-0.00099001992894607j),(-0.00021606064321209891-0.00018964744183885192j),(2.4761596157012235e-10+5.934918837702698e-10j),(0.06534515713523048-0.0003749064817820547j)
0.98,(0.1279009584211059-0.10647534413848127j),(0.0013179479559805687-0.0016432916870042027j),(-0.0002565529310544881-8.703968993339136e-05j),(6.534296055637451e-10+3.696895158292298e-10j),(0.07077504352940575-0.018238744990708614j)
0.99,(0.09884703923460166-0.14616146108518044j),(0.0008275604609562639-0.0022625427316895247j),(-0.00025461878275732155+1.7269761759647392e-05j),(8.791178003295385e-10-1.232445323396231e-10j),(0.07154795269643108-0.03889282814541685j)
1.0,(0.05753735044260658-0.17744940021895222j),(7.151816197920659e-05-0.0027468509836777646j),(-0.0002149660735389329+0.00010747891066205303j),(7.510450373556145e-10-7.510908897012791e-10j),(0.06657814470134774-0.06112161893108811j)
1.01,(0.006569325686675162-0.1965305383629397j),(-0.0009163950437138112-0.0029876898522389925j),(-0.00014760346871906904+0.00017153676662161771j),(1.902172054515408e-10-1.2706413685433765e-09j),(0.055109096388885226-0.08332166674432083j)
1.02,(-0.050264184601732445-0.20045836362095595j),(-0.0020589767994208274-0.002883975183167878j),(-6.57337531363127e-05+0.00020267712302375303j),(-7.213186634685543e-10-1.393819836333079e-09j),(0.036848835272981904-0.10359690357861236j)
1.03,(-0.10828080241984264-0.18752688000444082j),(-0.0032369435039823623-0.0023594284759295772j),(1.6670630998850746e-05+0.0001999311424496641j),(-1.7163252894390976e-09-8.908986047038817e-10j),(0.012075043625500064-0.11990125649102291j)
1.04,(-0.16233443041739815-0.15753340885407116j),(-0.004297290043901772-0.0013797467176315478j),(8.71595230318877e-05+0.00016763168298652796j),(-2.3825832566821913e-09+2.945281376307503e-10j),(-0.018307350633507864-0.13021817626435112j)
1.05,(-0.20731581267856522-0.11188990405345142j),(-0.005068650029019258+3.3285135477977446e-05j),(0.00013658489172554812+0.000114106571215121j),(-2.2720767957812847e-09+1.9580458225230327e-09j),(-0.052767505560171624-0.1327597815535417j)
1.06,(-0.2386708390011098-0.05356245974632341j),(-0.005382396851331449+0.0017936079200701394j),(0.00016012460573344774+4.9880251943519e-05j),(-1.060304106561298e-09+3.614411582771241e-09j),(-0.08921620170762362-0.12616456398536965j)
1.07,(-0.2528771328040222+0.013158544401060943j),(-0.005097019536456925+0.00375095100363853j),(0.00015747279608285074-1.4248375231310643e-05j),(1.2855749550766705e-09+4.572051045078489e-09j),(-0.12513775236087246-0.10967136061610674j)
1.08,(-0.24782393764876468+0.0830336058952278j),(-0.004122450570623726+0.005700329026415496j),(0.0001322777425849668-6.89100554685869e-05j),(4.384530744416245e-09+4.103957354928882e-09j),(-0.15777582490560396-0.0832482917781759j)
1.09,(-0.22305172387331784+0.1503540602770486j),(-0.0024405967074135485+0.007400784773584083j),(9.10293196260735e-05-0.00010739726456240336j),(7.418456091630133e-09+1.6857451052354337e-09j),(-0.18435685155887302-0.047659975881813296j)
1.1,(-0.17982523142097578+0.2094736794880639j),(-0.0001185451748861384+0.00860166897046887j),(4.166426402604784e-05-0.00012629117107861612j),(9.241942720624598e-09-2.756419671207497e-09j),(-0.2023293035581582-0.0044627577394911674j)
1.11,(-0.12103380894376188+0.2553337065532422j),(0.0026882499370852186+0.009073406074705687j),(-7.836390110901323e-06-0.00012547689387743026j),(8.62583481366105e-09-8.660786399024604e-09j),(-0.20959470741354994+0.044074352217376024j)
1.12,(-0.05093306101531044+0.283925607568662j),(0.005744163348931974+0.008638774938970879j),(-5.062839826952551e-05-0.00010764683788253707j),(4.596218469770208e-09-1.4776974349194668e-08j),(-0.20470686258379894+0.09511706247118276j)
1.1300000000000001,(0.025240742095520664+0.2926450703607445j),(0.008752720781245869+0.007200412059250427j),(-8.181302315273414e-05-7.746123826867246e-05j),(-3.2036253755459853e-09-1.9289724174845137e-08j),(-0.18701913852400948+0.1454680788417576j)
1.1400000000000001,(0.1017394301887001+0.2805051168622235j),(0.011385161090456593+0.0047605908878769095j),(-9.881312145102665e-05-4.056115194902211e-05j),(-1.4219413780640568e-08-2.0124053922939334e-08j),(-0.15676544430305683+0.19180513323734288j)
1.1500000000000001,(0.17280430102692088+0.2481933678565749j),(0.013314980328519873+0.0014302894759819357j),(-0.00010133973449561946-2.6156612383247503e-06j),(-2.684768066385102e-08-1.5390042059014878e-08j),(-0.11506764178738221+0.23093230405011225j)
1.16,(0.23314939419451702+0.19797607103206977j),(0.014254309101257048-0.002574031289673461j),(-9.103451034347894e-05+3.145727939663757e-05j),(-3.85139754023296e-08-3.885017399821041e-09j),(-0.06386983571190052+0.2600215264547524j)
1.17,(0.27838163148771516+0.13346724708765684j),(0.013987695000037688-0.006945889740789836j),(-7.090749161484607e-05+5.80140964868913e-05j),(-4.598391636865809e-08+1.4452526201392903e-08j),(-0.005807156581733565+0.276823112351798j)
1.18,(0.30532290988861865+0.05929349891995772j),(0.012399213734840321-0.011314852331076748j),(-4.4696182639373305e-05+7.492902439879798e-05j),(-4.587218885944411e-08+3.8242667005292894e-08j),(0.05597745715873568+0.27982815171912906j)
1.19,(0.31221202294465705-0.019306958751364053j),(0.009489764092735872-0.015280260725293244j),(-1.625585970975805e-05+8.158269617726162e-05j),(-3.526856664654084e-08+6.459810990394143e-08j),(0.11805070593365827+0.268370605110476j)
1.2,(0.29877844472055254-0.09691059716745015j),(0.005382625035662969-0.018448874095609746j),(1.0939382052913174e-05+7.865389414867193e-05j),(-1.2370296223594837e-08+8.93296559106894e-08j),(0.1769211661247065+0.2426643069369209j)
1.21,(0.26619306678364124-0.16832277966348758j),(0.00031667997068689615-0.02047231785750585j),(3.4140968803805945e-05+6.778773263588442e-05j),(2.299650486202734e-08+1.0740775536520599e-07j),(0.22926739518843814+0.2037779175740209j)
1.22,(0.2169101728652682-0.22894402599158278j),(-0.005371518345469055-0.02108034308897537j),(5.150415635079449e-05+5.1214307361416214e-05j),(6.906580443311317e-08+1.1361554193335601e-07j),(0.2721440764698747+0.15355025555218024j)
1.23,(0.15442410610811225-0.27506482210843863j),(-0.011274858789862594-0.020106732958599504j),(6.21164403598137e-05+3.137988021979156e-05j),(1.220935474669284e-07+1.0329273824759343e-07j),(0.3031538288748612+0.09445897094379935j)
1.24,(0.08296824822631328-0.30407215534006915j),(-0.016948949372155634-0.01750556965796684j),(6.590864775117906e-05+1.0635374752102982e-05j),(1.7660676906729687e-07+7.305441325613666e-08j),(0.32057474417224524+0.029454693943238693j)
1.25,(0.007185406134629202-0.3145609740387453j),(-0.02194816099128287-0.013356750778446001j),(6.348898636368794e-05-8.992707640455381e-06j),(2.2590581346494702e-07+2.1375230647420834e-08j),(0.32343848885686904-0.03822517978919949j)
1.26,(-0.06820275137772326-0.3063524165936851j),(-0.025861031691307226-0.007860796550739329j),(5.593989885075862e-05-2.5941618494836463e-05j),(2.6274617467220094e-07-5.104447620555063e-08j),(0.3115580410532677-0.10524897291835747j)
1.27,(-0.1387032121804207-0.280427766136369j),(-0.028341979531685827-0.0013240074169376527j),(4.461156953889805e-05-3.9168364821475806e-05j),(2.8010274688663394e-07-1.4117641328519815e-07j),(0.28550782700467275-0.16837659724720394j)
1.28,(-0.20031719255336694-0.2387922818944266j),(-0.029136894613378105+0.005864181108698711j),(3.093695474231119e-05-4.813767055505265e-05j),(2.719138047221214e-07-2.4382933303568073e-07j),(0.24656194960240785-0.2246279622546936j)
1.29,(-0.24975065403688165-0.18428621641160692j),(-0.02810096236172326+0.013259294153320132j),(1.62834942535743e-05-5.276133765141429e-05j),(2.337135348053048e-07-3.5204666461851045e-07j),(0.19659824770439-0.2714256045955658j)
1.3,(-0.28456249428035996-0.12036156180909467j),(-0.025207902092123216+0.02039279740748333j),(1.8478546884328149e-06-5.330875964746157e-05j),(1.6308611938100936e-07-4.576738216077942e-07j),(0.13797708167217343-0.3067059503232333j)
1.31,(-0.30324850178210416-0.05084265593170764j),(-0.02055059303089391+0.0268034448556966j),(-1.1406882224718473e-05-5.030598737352486e-05j),(5.990532256471955e-08-5.520171013721567e-07j),(0.07340408399971568-0.3289962877212736j)
1.32,(-0.30526369233834894+0.020312904644970424j),(-0.014333733571989372+0.032066740818590775j),(-2.277688104443285e-05-4.443691560483761e-05j),(-7.364481860828924e-08-6.265143986195907e-07j),(0.0057857777202491995-0.33745693538302773j)
1.33,(-0.2909891434628966+0.08923914477096598j),(-0.006859694770254198+0.03582067457098824j),(-3.181392755892653e-05-3.6455855205644795e-05j),(-2.3324529553827137e-07-6.733476544770945e-07j),(-0.061913886532459675-0.3318901073028603j)
1.34,(-0.2616518567392149+0.15236150334295617j),(0.0014909319940234539+0.03778638020129792j),(-3.830118139435365e-05-2.7116705894281727e-05j),(-4.1277089177449237e-07-6.8594449945584e-07j),(-0.126809220207715-0.31271853861535226j)
1.35,(-0.21920759623605918+0.20656419577526186j),(0.010282482581099867+0.03778297447587044j),(-4.221648674859807e-05-1.7120541901879813e-05j),(-6.047196982384485e-07-6.593372373923473e-07j),(-0.18621514582963378-0.2809389215917455j)
1.36,(-0.16619697679948028+0.24931931437414337j),(0.019049249452544822+0.035735938076823355j),(-4.36902052592103e-05-7.081130953986285e-06j),(-8.006876724461747e-07-5.903709287726808e-07j),(-0.23775250190922384-0.23805232229483414j)
1.37,(-0.10558492534393621+0.2787766387529108j),(0.027320867266836548+0.0316794257553126j),(-4.2962786702887574e-05+2.4939473101222208e-06j),(-9.918387042366788e-07-4.777670857891428e-07j),(-0.27943357930932317-0.18597901353217064j)
1.3800000000000001,(-0.0405930171355413+0.2938144195096877j),(0.03464680173784161+0.02575293112926094j),(-4.0345786700410776e-05+1.1209580914530584e-05j),(-1.169330654814452e-06-3.22064985080062e-07j),(-0.30972637217793325-0.12696292584150823j)
1.3900000000000001,(0.025466884164031055+0.29405237935087447j),(0.04061864126337137+0.018192784851866373j),(-3.618854599582659e-05+1.8779987752839977e-05j),(-1.3246698825744296e-06-1.254727439364993e-07j),(-0.32759698283410577-0.06346851304322942j)
1.4000000000000001,(0.0893505920584853+0.2798307463314176j),(0.04488933583709079+0.00931944264451127j),(-3.085146928297589e-05+2.501929833185864e-05j),(-1.449980650916548e-06+1.0833862161646447e-07j),(-0.33253041318479587+0.001924654833301287j)
1.41,(0.14802551776861672+0.2521596519611402j),(0.047188776028349276-0.0004784853110713012j),(-2.4685956784646748e-05+2.982851172326216e-05j),(-1.5381872727970656e-06+3.7446542740800574e-07j),(-0.32453082547377654+0.06662560387632832j)
1.42,(0.198796248588973+0.21264374500708047j),(0.04733536019723973-0.010762495738509766j),(-1.8020443214485373e-05+3.3180934826787185e-05j),(-1.5831163940394947e-06+6.669972148225593e-07j),(-0.3041029045697971+0.12813054052301465j)
1.43,(0.23940873195364773+0.1633870845155746j),(0.04524342107515515-0.02106381546811858j),(-1.1151654987280273e-05+3.5107658637101856e-05j),(-1.5795337544620424e-06+9.792156153871996e-07j),(-0.2722163528502238+0.1841134257440515j)
1.44,(0.26813111061272954+0.10688335934973706j),(0.04092656606230169-0.030903535843994894j),(-4.340050235808717e-06+3.568411651717866e-05j),(-1.5231341583004027e-06+1.3037501922919651e-06j),(-0.2302558198045847+0.2325061982239646j)
1.45,(0.28381018935719865+0.04589630720497319j),(0.03449712666297723-0.03981251025739841j),(2.191600118659506e-06+3.501834109026434e-05j),(-1.4105056055982437e-06+1.6326819327781551e-06j),(-0.17995873566883477+0.2715668183176194j)
1.46,(0.2859032900375147-0.016665065714890445j),(0.02616201280589723-0.04735038035415456j),(8.25744882861003e-06+3.324119940614706e-05j),(-1.2390891114879038e-06+1.95759121596099e-06j),(-0.12334360432552091+0.2999337794338041j)
1.47,(0.274485885874824-0.07787218424149693j),(0.016215331520403636-0.05312321038362139j),(1.3706452548612532e-05+3.0498637443509827e-05j),(-1.0071552227420539e-06+2.269552521757032e-06j),(-0.06263133516903785+0.31666616723156765j)
1.48,(0.25023592282581797-0.134899578225974j),(0.005028162457551815-0.05679931514125543j),(1.8419569919222483e-05+2.69457935710451e-05j),(-7.138171086803398e-07+2.5590829338160845e-06j),(-0.00016217282052967408+0.32126874083297424j)
1.49,(0.21439616326810915-0.18514091344565017j),(-0.0069641080879631004-0.05812295925715786j),(2.230679909116719e-05+2.2742731568895547e-05j),(-3.5909869220160453e-07+2.8160558640661715e-06j),(0.06168927018247439+0.31370186821085494j)
1.5,(0.1687162541186339-0.2263150701842863j),(-0.019276500484090773-0.05692568071360407j),(2.5304434604650604e-05+1.805148212562309e-05j),(5.592525360715439e-08+3.0295957496193453e-06j),(0.12059845064276498+0.2943764755401914j)
1.51,(0.11537655415876041-0.25655924845829753j),(-0.031390825253440294-0.05313504793986394j),(2.7372797653641846e-05+1.3034053925028479e-05j),(5.289018499791499e-07+3.187974160293946e-06j),(0.1743724717686915+0.26413447360993325j)
1.52,(0.05689607618355412-0.27450635400264717j),(-0.04277337944597089-0.04678069772299064j),(2.8494584280134822e-05+7.851070824092164e-06j),(1.0558727185510333e-06+3.2785332149130113e-06j),(0.22102658386334595+0.22421540867672546j)
1.53,(-0.003973001083978835-0.2793439782475494j),(-0.05289362016009484-0.037997388385290806j),(2.8673872895790664e-05+2.660752849543372e-06j),(1.6308320761946871e-06+3.2876690907797597e-06j),(0.25885434140271996+0.17620985604368383j)
1.54,(-0.0643605892084601-0.270853310511424j),(-0.061243543468880515-0.027025350845514426j),(2.7935762336000535e-05-2.382247089465121e-06j),(2.2451800983350843e-06+3.2009121649675045e-06j),(0.28648705343872327+0.12200228856778535j)
1.55,(-0.12140061069410046-0.24942578901276524j),(-0.0673572147446689-0.014207343021267131j),(2.6326556666525482e-05-7.128209469946442e-06j),(2.8870589716594475e-06+3.0031605268070166e-06j),(0.3029426765171068+0.06370341092259534j)
1.56,(-0.17235617052406288-0.2160559683984808j),(-0.070830142450948+1.7604434582124684e-05j),(2.3914307384029097e-05-1.1434208322860635e-05j),(3.5405876678212856e-06+2.6791253714882253e-06j),(0.30766292000915646+0.0035737215000536116j)
1.57,(-0.2147434273014027-0.17231014774125983j),(-0.07133821487141086+0.015123562949995535j),(2.078944738658201e-05-1.5166775585226383e-05j),(4.185040810641438e-06+2.214053386601987e-06j),(0.3005355817783693-0.056058205598239624j)
1.58,(-0.24644989147455593-0.12027023512867363j),(-0.06865576015087894+0.030510497492763966j),(1.7065195876700805e-05-1.8205414269340203e-05j),(4.794025687905393e-06+1.5948022908824377e-06j),(0.28190200676471533-0.11288090465333955j)
1.59,(-0.26584236373259046-0.06245323031628599j),(-0.06267221752151574+0.04552060035978668j),(1.2877369739033488e-05-2.0446981452929148e-05j),(5.334750501596988e-06+8.113463017619396e-07j),(0.25254903463694434-0.16468620172646492j)
1.6,(-0.27185948422155276-0.0017075804292193963j),(-0.05340680296218481+0.05945825503183142j),(8.383204340425676e-06-2.1810848505004217e-05j),(5.767520097391699e-06-1.4121967818561487e-07j),(0.21368514081911427-0.20945378527079345j)
1.61,(-0.26408375767532555+0.05891130620576495j),(-0.04102043332827782+0.07161364178424585j),(3.7587819053284406e-06-2.2244610154714543e-05j),(6.045647211759678e-06-1.2601315681825756e-06j),(0.16690084974011507-0.2454314296914416j)
1.62,(-0.24278801340822836+0.11628292623241429j),(-0.02582404896658576+0.08128987251894249j),(-8.052991151206067e-07-2.172996043173611e-05j),(6.11602491875934e-06-2.5318631587333897e-06j),(0.1141139178157779-0.2712080462522927j)
1.6300000000000001,(-0.20895162099391645+0.16737617203716065j),(-0.008282359940497032+0.08783336122453306j),(-5.11029208138203e-06-2.028819237084547e-05j),(5.920663312599565e-06-3.9285641594394696e-06j),(0.05750025360064132-0.2857766878286961j)
1.6400000000000001,(-0.16424248182837078+0.20941033614776858j),(0.010988046364649144+0.09066689276176396j),(-8.957833811577474e-06-1.7984626824274844e-05j),(5.399539753514298e-06-5.404218293935984e-06j),(-0.0005879315273924629-0.288584647647449j)
1.6500000000000001,(-0.11096191635378919+0.24001518407296463j),(0.031227335551938483+0.08932454508808847j),(-1.216054367720593e-05-1.493115819237788e-05j),(4.495130566617987e-06-6.890867886650999e-06j),(-0.05771466687810008-0.2795678910276561j)
1.6600000000000001,(-0.051951112320491655+0.25738145154002784j),(0.051548854081316264+0.08348725400965194j),(-1.4554304187166353e-05-1.1286052093178683e-05j),(3.1589595371716705e-06-8.295453441475453e-06j),(-0.11146075446915461-0.25916727177204407j)
1.67,(0.009540192356107889+0.2603922019798045j),(0.07096426934313749+0.07301739937021018j),(-1.601149546668765e-05-7.250176103076036e-06j),(1.3603850386467138e-06-9.498055169777461e-06j),(-0.1595289227359778-0.22832434284374992j)
1.68,(0.07001967431343953+0.24872500584523152j),(0.08841805790966888+0.05799036249059244j),(-1.645409446165937e-05-3.0590221733280636e-06j),(-9.023810116012639e-07-1.0352575711160627e-05j),(-0.1998495740076986-0.18845510587342357j)
1.69,(0.12594712212138834+0.22291505430230643j),(0.10283154114237325+0.038720594432938904j),(-1.5865217828266843e-05+1.0297885007738413e-06j),(-3.5894063482502614e-06-1.0691126876097148e-05j),(-0.23068248239849323-0.1414007829995061j)
1.7,(0.1739486720171325+0.1843703379869972j),(0.11315580659491421+0.01577963285099866j),(-1.4297491706126135e-05+4.753347847116264e-06j),(-6.605263978250359e-06-1.03335342856933e-05j),(-0.2507084434987759-0.08935522119974296j)
1.71,(0.2110393544160568+0.13533187983450398j),(0.11843275911530517-0.009997247271905579j),(-1.1876435067343037e-05+7.863823592088677e-06j),(-9.786000254104012e-06-9.103253488903693e-06j),(-0.2591070854771042-0.03477132104372803j)
1.72,(0.23483960056186745+0.07877453943833557j),(0.11786273786678593-0.03751905389552836j),(-8.797278242367037e-06+1.0150823734665774e-05j),(-1.2889359286041498e-05-6.850614022047895e-06j),(-0.2556159491887846+0.01975071447519211j)
1.73,(0.24376766202923533+0.018248670201361818j),(0.11087416680523357-0.06546342950779006j),(-5.314342222124994e-06+1.1463584505283206e-05j),(-1.5591685007692995e-05-3.483656559929704e-06j),(-0.2405612556975166+0.07159138805995632j)
1.74,(0.2371922096058658-0.04233317430781906j),(0.09719208083905212-0.09232091527113227j),(-1.7225001951597258e-06+1.173011998963767e-05j),(-1.7495542739186148e-05+9.94742310058472e-07j),(-0.2148609761013131+0.11824842236921518j)
1.75,(0.21552758399174682-0.09895454707838172j),(0.07689961375911133-0.11645990570016303j),(1.668361416277335e-06+1.0970352453552487e-05j),(-1.815244022119861e-05+6.446493573987522e-06j),(-0.17999513363474526+0.15747600407656764j)
1.76,(0.18025701877868594-0.14778284443528025j),(0.05048611994400783-0.13621191585006315j),(4.563827492453926e-06+9.300429708951612e-06j),(-1.7104535100678754e-05+1.2560120043497805e-05j),(-0.13794143317780935+0.18741853402826048j)
1.77,(0.13387343196210846-0.1854657167008936j),(0.018875184156832696-0.1499748507023918j),(6.7171401928856624e-06+6.926168967021957e-06j),(-1.3947593220709138e-05+1.8822838156476387e-05j),(-0.09107651601005087+0.20672964238413824j)
1.78,(0.07973358116811131-0.20941138223152733j),(-0.01657405931203872-0.15632971511063704j),(7.95892423403957e-06+4.124835218945897e-06j),(-8.414386487938298e-06+2.4513294051773874e-05j),(-0.042045780350930935+0.21466682277786145j)
1.79,(0.021829208207699548-0.21802597479888425j),(-0.0540979554040466-0.154163818859393j),(8.219895912118102e-06+1.2161606660915007e-06j),(-4.7305749862873896e-07+2.872669484432329e-05j),(0.006392342323004854+0.2111524394244565j)
1.8,(-0.035512347201038894-0.2108815556253342j),(-0.09159557639806845-0.14279126868083294j),(7.542341313188398e-06-1.4745886762035054e-06j),(9.571062398245296e-06+3.0443498823094114e-05j),(0.05153876620363629+0.196793231733663j)
1.81,(-0.0879766109566436-0.1887920136554945j),(-0.1267333861232471-0.12205971293478383j),(6.077329285892672e-06-3.6569273591840784e-06j),(2.0988409099331498e-05+2.8649354412622076e-05j),(0.09093118646540516+0.17285286353476417j)
1.82,(-0.13163010623026475-0.15378092327860265j),(-0.15708504530238057-0.0924312640543798j),(4.066588015122076e-06-5.113032552415929e-06j),(3.2577221841574024e-05+2.250683556886158e-05j),(0.12251294313164413+0.1411754960286849j)
1.83,(-0.16327305478204557-0.1089352505360467j),(-0.18030004442699596-0.05502560769456391j),(1.8104740479256065e-06-5.7270280313705194e-06j),(4.268251136877855e-05+1.1568493066593471e-05j),(0.14477873563324278+0.1040626095244927j)
1.84,(-0.18073949095586078-0.05815107788967469j),(-0.19429113601584572-0.011614844151168174j),(-3.7394218887791997e-07-5.500275195141609e-06j),(4.930852174889866e-05-3.993576228089221e-06j),(0.15688285548593225+0.06411072604179133j)
1.85,(-0.18310918092144765-0.005789492719299363j),(-0.19742528841679013+0.03543737493607861j),(-2.198400422063981e-06-4.5492322558044215e-06j),(5.034299691075814e-05-2.318147650467498e-05j),(0.1586985147953139+0.0240199054242076j)
1.86,(-0.17080292388154591+0.04372615717637921j),(-0.18870018416773252+0.08329636293026468j),(-3.4451106011640314e-06-3.085305105753277e-06j),(4.389484644883776e-05-4.4041466377251414e-05j),(0.15082031298800969-0.013611253036422681j)
1.87,(-0.14554518093570967+0.08633002097867742j),(-0.16788905649228608+0.12883332746925746j),(-3.997298459146808e-06-1.3794053418865996e-06j),(2.8721837018941813e-05-6.366997969548765e-05j),(0.13450585428226852-0.0464828887347279j)
1.8800000000000001,(-0.11019028466593597+0.11870599982476895j),(-0.13563229498428547+0.1688485869694101j),(-3.85291375829936e-06+2.8293756555325177e-07j),(4.6952611751723314e-06-7.840920271466115e-05j),(0.11155999176926212-0.07276890527998364j)
1.8900000000000001,(-0.06842687547920642+0.13860587268027533j),(-0.09346125232441933+0.20032479197559042j),(-3.118865263255481e-06+1.6480801336721996e-06j),(-2.6782246415824274e-05-8.426636420585521e-05j),(0.08417031684525102-0.0912498717483632j)
1.9000000000000001,(-0.024391129798243656+0.14505405799839616j),(-0.04374402237870794+0.22068840193588912j),(-1.9867694341765484e-06+2.533975223665104e-06j),(-6.251273932771147e-05-7.755362616063553e-05j),(0.05470932928073722-0.10138928643550367j)
1.9100000000000001,(0.01776753838359432+0.13841243546414206j),(0.010449682791262738+0.22805404407060365j),(-6.948355757645255e-07+2.8558402160939605e-06j),(-9.750650734186505e-05-5.569418327128073e-05j),(0.025523311819433212-0.10334459425246606j)
1.92,(0.05431685042561804+0.12029584262534622j),(0.06555873326010389+0.22142539960576385j),(5.167097641991013e-07+2.6332651464533175e-06j),(-0.00012534865949800306-1.8082124020943672e-05j),(-0.0012698354762464073-0.09791174388430915j)
1.93,(0.08231585360751306+0.09334825889810325j),(0.11780101858021354+0.20082841565487802j),(1.448001742614475e-06+1.9779890023203064e-06j),(-0.00013897637965416414+3.316897764918979e-05j),(-0.023952182841692867-0.0864100003964669j)
1.94,(0.0998873928259161+0.060908379244465315j),(0.16348112950661275+0.16735802277707945j),(1.9716622197505686e-06+1.0655039991417431e-06j),(-0.00013183819788078745+9.278548715006848e-05j),(-0.041328753019967385-0.07052102685414612j)
1.95,(0.1063568720709874+0.02660825948440726j),(0.19930620874985783+0.12312777515893643j),(2.0489537592907333e-06+9.68621123282282e-08j),(-9.93113474342603e-05+0.00015239345689252435j),(-0.05279000689138749-0.052101769960669675j)
1.96,(0.10224375679757826-0.006042544875157003j),(0.22267791581323673+0.07112208201136754j),(1.7277813901333203e-06-7.411865612742314e-07j),(-4.015672463244033e-05+0.00020121961058579561j),(-0.05830975657690271-0.032993523605018775j)
1.97,(0.0891127399833868-0.0340339703345128j),(0.23192924968851358+0.014961740672542377j),(1.1242519879202191e-06-1.3096815370748868e-06j),(4.2283184008317896e-05+0.00022747434711024793j),(-0.05838273552072816-0.014849219508680477j)
1.98,(0.06931079609162047-0.05514738300680369j),(0.22647978093472168-0.04139669783351413j),(3.928299863031109e-07-1.538371371307947e-06j),(0.00013946465736272876+0.0002203184236245209j),(-0.053913759504818776+0.0010023430850792416j)
1.99,(0.04563060353706901-0.06812998634718818j),(0.20689013135122025-0.09399784391576499j),(-3.0783627068827087e-07-1.4309948341827866e-06j),(0.00023788113774913158+0.0001721635316434088j),(-0.04607551539989772+0.013643145822625978j)
2.0,(0.02094922697738414-0.0727365229321321j),(0.17480921520856058-0.13922361941876538j),(-8.460788555068886e-07-1.055450662628565e-06j),(0.0003203306879530225+8.09259103971516e-05j),(-0.03615390161055683+0.022597997999612242j)
